Promoter ID,TU first gene,locus tag,Sigma factor,Promoter sequence,Promoter confidence,promoter sequence reduced,activator,repressor,median,cluster cv,cluster median
RDBECOLIPMC03546,folA,b0048,sigma70,ttcctcaacatcatcctcgcaccagtcgacgacggtttacgctttacgtatagtggcgacAattttttttatcgggaaatc,W,GTCGACGACGGTTTACGCTTTACGTATAGT,1.0,0.0,6.6782924999999995,0,0
RDBECOLIPMC03433,argD,b3359,sigma70,tttcctgcatcgctgatttctgattgccatttagtgattttttatgcatattttgtggttAtaatttcacatttgtttatg,W,TTGCCATTTAGTGATTTTTTATGCATATTTT,0.0,1.0,7.34832765,0,0
RDBECOLIPMC00480,chiA,b3338,sigma70,ttttaatgccgtaatttaattcatattgaagggttctcgtaaaacgtaaataattcctgcGtaggacttttgttttgcagt,S,TTGAAGGGTTCTCGTAAAACGTAAATAAT,0.0,1.0,3.6566370499999996,0,2
RDBECOLIPMC03416,purA,b4177,sigma70,ggtcatttttgagtgcaaaaagtgctgtaactctgaaaaagcgatggtagaatccattttTaagcaaacggtgattttgaa,S,CTGTAACTCTGAAAAAGCGATGGTAGAAT,1.0,1.0,10.1264435,0,1
RDBECOLIPMC03836,yhfA,b3356,sigma70,gcacggtaatgtgacgtcctttgcatacatgcagtacatcaatgtattactgtagcatccTgactgttttagcatagcttt,S,ATGCAGTACATCAATGTATTACTGTAGCAT,0.0,0.0,7.549638,0,0
RDBECOLIPMC02453,acrZ,b0762,sigma70,cgcaaagctgaccgcacaaaaggggagtgcttttctgtgcttagcggttagaatagtctcAtgactatatctggagttgac,S,,1.0,0.0,7.7427245,0,0
RDBECOLIPMC03948,caiF,b0034,sigma70,gatgacataagcaggatttagctcacacttatcgacggtgaagttgcatactatcgatatAtccacaattttaatatggcc,S,CTCACACTTATCGACGGTGAAGTTGCATACTAT,1.0,1.0,5.21089365,0,2
RDBECOLIPMC03946,hemN,b3867,sigma70,tctgctgataacccttccggttatatgttatctggtgtggttattcgttaaactacagcgGttgtcgcggcgacaaaagtg,S,TTATCTGGTGTGGTTATTCGTTAAACT,0.0,1.0,6.367293,0,0
RDBECOLIPMC02761,nfsB,b0578,sigma70,gaaatctatagcgcatttttctcgcttaccatttctcgttgaaccttgtaatctgctggcAcgcaaaattactttcacatg,W,TTACCATTTCTCGTTGAACCTTGTAATCT,1.0,0.0,7.86194135,0,0
RDBECOLIPMC02805,argG,b3172,sigma70,tttacaaaaaacacactaaactcttcctgtctccgataaaagatgattaaatgaaaactcAtttattttgcataaaaattc,W,CTGTCTCCGATAAAAGATGATTAAATG,1.0,1.0,8.605035,0,1
RDBECOLIPMC00309,bdcA,b4249,sigma70,ttacaaaacctgttgacagaaagttaaaacagttttgtaatgcatgttacataataaatcAaggagtccttatgggcgctt,W,TTAAAACAGTTTTGTAATGCATGTTACATAAT,1.0,1.0,2.61969495,0,2
RDBECOLIPMC02968,dtpA,b1634,sigma70,tatatgtaacagattattacaaaggacttgtctgaaagtgcaagatagtgaacattacctGccgtttcccctcccactata,S,TTACAAAGGACTTGTCTGAAAGTGCAAGATAGT,1.0,1.0,4.27234505,0,2
RDBECOLIPMC03722,hflD,b1132,sigma70,gccagtctgccgtcttctataacggtgaagtgtgcctcggtggcggtattattgagcagcGtctgccgctgccggtctgat,S,GTGAAGTGTGCCTCGGTGGCGGTATTAT,0.0,1.0,7.1458164,0,0
RDBECOLIPMC03341,fnr,b1334,sigma70,ctctgctgttaaggtttgcttagacttacttgctccctaaaaagatgttaaaattgacaaAtatcaattacggcttgagca,W,TTACTTGCTCCCTAAAAAGATGTTAAAAT,1.0,1.0,9.1690425,0,1
RDBECOLIPMC02924,acrR,b0464,sigma70,gatttcaaattggtcaatggtcaaaagttaataaacccattgctgcgtttatattatcgtCgtgctatggtacatacattc,W,TTAATAAACCCATTGCTGCGTTTATATTAT,1.0,1.0,5.045170000000001,0,2
RDBECOLIPMC02917,ydjM,b1728,sigma70,gattaatcgtcaatttaagagaaagagttacaccgtcaccacttccgtgcactgtataaaAatcctatactgtacgtatcg,W,TTACACCGTCACCACTTCCGTGCACTGTATAAA,0.0,1.0,2.6180742500000003,0,2
RDBECOLIPMC03024,tomB,b0461,sigma70,attgtaatttttcgtaataatgcgatgaaaacctgcaaagagtggcttatagttaagctaAcaaacgagagggcaagtcca,S,ATGAAAACCTGCAAAGAGTGGCTTATAGT,1.0,1.0,8.0632385,0,0
RDBECOLIPMC00316,grxD,b1654,sigma70,gcaacaaatagagcaaagggataaaatagcaaaagcgtgatgaaaatgttattttccgatGccgcactgacccgctacaat,W,ATAGCAAAAGCGTGATGAAAATGTTATTTT,0.0,1.0,9.267637,0,1
RDBECOLIPMC02900,pheP,b0576,sigma70,cccgtttaaccgtgtggattgtgtcttgcgacgatgggcactaaatgttaaaaggtgcccCtcaacaaaaaagacacacag,S,TTGCGACGATGGGCACTAAATGTTAAAAG,0.0,0.0,5.3706673,0,2
RDBECOLIPMC02987,dacC,b0839,sigma70,gcaggatattgcataaactttaaaaactttaccaacttacggtttctttaagtttgtgtgTgcgttattaatcaccaaact,W,TTTACCAACTTACGGTTTCTTTAAGTT,1.0,1.0,7.11429475,0,0
RDBECOLIPMC03029,dgcZ,b1535,sigma70,aacttcggatttctatgaaaatattgacgtaattttgcttttctctcgttagaatagcgcGcacaaggaactgtgaaaaag,C,TTGACGTAATTTTGCTTTTCTCTCGTTAGAAT,1.0,1.0,4.08003285,0,2
RDBECOLIPMC02927,mltF,b2558,sigma70,ggtttacgcaaaatgccgctcatttatgagtaaacctttcactattattacgttttttcaAgctgggacgcgcacgacaca,W,CTCATTTATGAGTAAACCTTTCACTATTAT,1.0,0.0,3.71015405,0,2
RDBECOLIPMC02962,yhdT,b3257,sigma70,gattttccggccttttttattactggggatcgacaacccccataaggtacaatccccgctTtcttcacccatcagggacaa,S,CTGGGGATCGACAACCCCCATAAGGTACAAT,0.0,0.0,4.156106,0,2
RDBECOLIPMC03406,kbl,b3617,sigma70,tttgcagaagtgttaacgcgttatctcgtcgcgacctataagtttgggtaatatgtgctgGaatttgccctgtctggagaa,S,ATCTCGTCGCGACCTATAAGTTTGGGTAATAT,0.0,1.0,5.68708395,0,2
RDBECOLIPMC03524,guaB,b2508,sigma70,agcaagcattttttgcaaaaaggggtagatgcaatcggttacgctctgtataatgccgcgGcaatatttattaaccactct,S,GTAGATGCAATCGGTTACGCTCTGTATAAT,1.0,1.0,8.0930635,0,0
RDBECOLIPMC03508,nfo,b2159,sigma70,attcaaagcgtcatcgcataaaccactacatcttgctcctgttaacccgctatcattaccGttttcctccagcgggtttaa,S,CTACATCTTGCTCCTGTTAACCCGCTATCAT,1.0,0.0,6.477924,0,0
RDBECOLIPMC01006,ycdZ,b1036,sigma70,taagtgtgatctacgtcactcataactgcaacggataatttgttgttgcataaaatgtgtGctcgatctcattcatggccg,W,CTGCAACGGATAATTTGTTGTTGCATAAAAT,0.0,1.0,5.861856700000001,0,0
RDBECOLIPMC00485,fldB,b2895,sigma70,ctcatttgatccattatgccttattgtgccgtgactaaagcgattctgatacactagccgCaaaagccacagcagaatcga,S,TTGTGCCGTGACTAAAGCGATTCTGATACACT,1.0,0.0,6.8041756499999995,0,0
RDBECOLIPMC03025,yccA,b0970,sigma70,gtaaagatgggtaaaacttctgggtgcccttacgcattatcattatgctgcttaattaatTacatctgtcatagagagtga,S,TTCTGGGTGCCCTTACGCATTATCATTATGCT,1.0,0.0,9.42243025,0,1
RDBECOLIPMC03460,gyrA,b2231,sigma70,ggatgtgaataaagcgtataggtttacctcaaactgcgcggctgtgttataatttgcgacCtttgaatccgggatacagta,S,TTACCTCAAACTGCGCGGCTGTGTTATAAT,1.0,1.0,8.444586000000001,0,0
RDBECOLIPMC03500,lrp,b0889,sigma70,ttgtactaaaaatcgatgttttgctttgacaatcccctggtgttttgcgaaaacattcgaGgaagaaaaaaaacagtattc,S,TTGACAATCCCCTGGTGTTTTGCGAAAAC,1.0,1.0,10.165788,0,1
RDBECOLIPMC00340,ftnA,b1905,sigma70,ataattgaagtttatattttaccttttgcaaataataaaataacaaattatagtgacgccAcagcaacaaatataaccttt,W,TTGCAAATAATAAAATAACAAATTATAGT,1.0,1.0,7.349426749999999,0,0
RDBECOLIPMC03903,copA,b0484,sigma70,acccgcctggtttattaatttcttgaccttccccttgctggaaggtttaacctttatcacAgccagtcaaaactgtcttaa,S,TTGACCTTCCCCTTGCTGGAAGGTTTAACCT,1.0,1.0,7.6460375,0,0
RDBECOLIPMC02419,higB,b3083,sigma70,ttccgtcacacagataaattcatccgttgccaatctggcaacggatgttatcatattgccAatttgtcaacggacgtgatg,S,TTGCCAATCTGGCAACGGATGTTATCAT,0.0,1.0,3.75739725,0,2
RDBECOLIPMC03413,malT,b3418,sigma70,cagacacataaaaaaacgtcatcgcttgcattagaaaggtttctggccgaccttataaccAttaattacgaagcgcaaaaa,S,TTGCATTAGAAAGGTTTCTGGCCGACCTT,1.0,1.0,7.0882925,0,0
RDBECOLIPMC03468,dsdC,b2364,sigma70,aaaaaacaacgcaggctgacaaacgataaaatttgcctttcacatgaggtaaattgcatcAatggagtgatttacatctaa,W,ATAAAATTTGCCTTTCACATGAGGTAAATT,0.0,1.0,4.0354917,0,2
RDBECOLIPMC02430,shiA,b1981,sigma70,ttgccgctaatcagccataaaatcatttgcagatgcgctctgtcgaggtagtctcataagGttcgtttatagatcgacggc,S,TTGCAGATGCGCTCTGTCGAGGTAGTCT,1.0,1.0,5.9836455,0,0
RDBECOLIPMC02441,lolA,b0891,sigma70,aactgaaaattcagtattttcttctttcctcaagctgattattagcctggaatagagagtAgagggaactcccgatcggga,S,TTTCCTCAAGCTGATTATTAGCCTGGAAT,1.0,1.0,7.313638,0,0
RDBECOLIPMC03379,purR,b1658,sigma70,ataatgataagtgtttttaccacttccccttttcgtcaagatcggccaaaattccacgctTacactatttgcgtactggcc,S,TTCCCCTTTTCGTCAAGATCGGCCAAAAT,0.0,1.0,7.864115999999999,0,0
RDBECOLIPMC03438,betT,b0314,sigma70,tttatctattaaagcggttattgattggacgttcaatataaaatgtgtcttaattgttacGaatttgattttaaatagtaa,S,TTGGACGTTCAATATAAAATGTGTCTTAATTGT,1.0,1.0,4.77192165,0,2
RDBECOLIPMC03422,araJ,b0396,sigma70,gaatacagaggggcgaattatctcttggccttgctggtcgttatcctgcaagctatcactTtattggctacggtgattggt,S,TTGGCCTTGCTGGTCGTTATCCTGCAAGCTA,1.0,0.0,3.9275564000000003,0,2
RDBECOLIPMC02791,uidR,b1618,sigma70,gccttcgcactattcaacagcaatgataggcgctcacctgacaacgcggtaaactagttaTtcacgctaactataatggtt,W,ATGATAGGCGCTCACCTGACAACGCGGTAAACT,0.0,1.0,6.30157575,0,0
RDBECOLIPMC02461,ygfB,b2909,sigma70,tgatgagaagagacaagcccttttctggtccaccagggcccaaagtggtagcatatcatgAatattcctccctttgacgac,S,,0.0,0.0,7.7898069,0,0
RDBECOLIPMC00417,dctA,b3528,sigma70,ttgtttcaattatgatccaggtacatttctgtgatgttgtctgggtgttattttaaggccGcaggtaccccataaccttac,S,TTTCTGTGATGTTGTCTGGGTGTTATTTT,1.0,1.0,5.6846272,0,2
RDBECOLIPMC03319,araC,b0064,sigma70,tgacgccgtgcaaataatcaatgtggacttttctgccgtgattatagacacttttgttacGcgtttttgtcatggctttgg,S,TGGACTTTTCTGCCGTGATTATAGACACT,1.0,1.0,5.3088155,0,2
RDBECOLIPMC00311,rfe,b3784,sigma70,aatgccgcgctggcgatgttaggaaaattcctggaatttgctggcatgttatgcaatttgCatatcaaatggttaattttt,W,TTAGGAAAATTCCTGGAATTTGCTGGCATGTT,0.0,1.0,6.9473683,0,0
RDBECOLIPMC04038,cydD,b0887,sigma70,aaaataattttacaaatcagtaacaaaagtaaagaaggcgacaccatgcgactatgggtcGcctttattttttccccgttg,S,GTAAAGAAGGCGACACCATGCGACTAT,1.0,1.0,5.2365902,0,2
RDBECOLIPMC00306,galR,b2837,sigma70,tcccacgatgaaaacacgccaccccttgaaccaacgggcgttttccgtaacactgaaagaAtgtaagcgtttacccactaa,S,TTGAACCAACGGGCGTTTTCCGTAACACT,0.0,1.0,5.33936095,0,2
RDBECOLIPMC02855,bglX,b2132,sigma70,cactccttgtggtggcgaaaaaatatcacaaactagaatagcgccttgtataacaattcaGcgagtgaatattttgaaaat,W,ATCACAAACTAGAATAGCGCCTTGTATAAC,1.0,0.0,5.92643855,0,0
RDBECOLIPMC00272,dinJ,b0226,sigma70,gtatcccggatcgtttctgaacaaacttaataaaccattattataaaattaacatatataTttcagttaattatgtaaaaa,W,CTGAACAAACTTAATAAACCATTATTATAAAAT,1.0,1.0,7.8591304,0,0
RDBECOLIPMC02543,recQ,b3822,sigma70,ttaccctctcagagactaaaagcattgcagtttctcgcgcaggcgctgaaaatagcgcctGtttttatttcaggcaatcgg,W,TTGCAGTTTCTCGCGCAGGCGCTGAAAAT,0.0,1.0,5.688056,0,2
RDBECOLIPMC03113,ychH,b1205,sigma70,agggttgtaattgtgatcacgcccgcacataacccactgggtgttgtctatactttacacAtaaggaagaggggtattccc,S,,1.0,0.0,6.8986564,0,0
RDBECOLIPMC00385,cpxP,b4484,sigma70,ctttacgttgttttacaccccctgacgcatgtttgcagcctgaatcgtaaactctctatcGttgaatcgcgacagaaagat,C,CTGACGCATGTTTGCAGCCTGAATCGTAAACT,1.0,1.0,7.4756762,0,0
RDBECOLIPMC03505,lysR,b2839,sigma70,aatgtggcataacaaactccagataagtgcttttttatgattacgccacatcataaaaagAataaaaaatatcgatttatg,W,GTGCTTTTTTATGATTACGCCACATCATAAAAA,0.0,1.0,3.6505085,0,2
RDBECOLIPMC02492,pgpB,b1278,sigma70,cggaatggcacaaatctgtcaatttttcctggaactggcgttttcagttatgattgtgggActtatcaaaaaggagaggcc,S,,0.0,0.0,5.4679342,0,2
RDBECOLIPMC02845,mntH,b2392,sigma70,tcaccacaatccatttaaatgaatttgataatcattctcgtttggcatagcatgaaacatAgcaaaggctatgttttagag,S,TTGATAATCATTCTCGTTTGGCATAGCAT,1.0,1.0,5.62939905,0,2
RDBECOLIPMC00515,intS,b2349,sigma70,ttcgtcatggttcgcttcagatcgttgacagccgcactccatgacgggtaaaaagtggatAaaataattttacccaccgga,S,TTGACAGCCGCACTCCATGACGGGTAAAAA,0.0,0.0,4.544399,0,2
RDBECOLIPMC03945,tpx,b1324,sigma70,ctgcggattaagcgcaaatagcgtttgctgtgttattgacagttagcataaactaggtgtGacgttaactatatgtaaaca,S,TTGCTGTGTTATTGACAGTTAGCATAAACT,0.0,1.0,11.11756575,0,1
RDBECOLIPMC03081,ccp,b3518,sigma70,tcatgtaattgattgattcctatcaaaaagcgtatctccctgttttttatgatggctttgTctcgcagagacgtttgcagc,S,ATCAAAAAGCGTATCTCCCTGTTTTTTATGAT,1.0,0.0,2.7506344499999997,0,2
RDBECOLIPMC03457,malS,b3571,sigma70,cctgtggacttaccgctcagggatgagttttgtttggcttatcgctggcaaactgtctgaAatcgcagcaataaggactca,S,ATGAGTTTTGTTTGGCTTATCGCTGGCAAACT,1.0,0.0,3.0122939000000004,0,2
RDBECOLIPMC03513,nadB,b2574,sigma70,tttttctcgccgccctgcgtcagcgtgtttagcaactgtaacaaatattaaaatagcaggTgtttatccgcacaacatgat,W,TTTAGCAACTGTAACAAATATTAAAAT,0.0,1.0,6.010403849999999,0,0
RDBECOLIPMC03481,ppsA,b1702,sigma70,tatatttgcttgaacgattcaccgtttttttcatccggttaaatatgcaaagataaatgcGcagaaatgtgtttctcaaac,S,TTTTCATCCGGTTAAATATGCAAAGAT,1.0,1.0,8.167458,0,0
RDBECOLIPMC00298,rnd,b1804,sigma70,aaaaattttgcgacgagaattacgtgacgaagcgcgcggcaaagtggacaataaagcctgAgcgttaagtcagtcgtcaga,S,TTACGTGACGAAGCGCGCGGCAAAGTGGACAAT,0.0,0.0,5.4139097,0,2
RDBECOLIPMC03935,aldA,b1415,sigma70,cccttcacagaattgtcctttcacgattccgtctctctgatgattgatgttaattaacaaTgtattcaccgaaaacaaaca,S,TTCCGTCTCTCTGATGATTGATGTTAATTA,1.0,1.0,7.232476,0,0
RDBECOLIPMC03124,loiP,b2936,sigma70,ccttatactgagactgagcgtcgattcacctgcaaacggcgcatttttagaataatcctgAccttgtgcggaagagaaaac,S,TTCACCTGCAAACGGCGCATTTTTAGAAT,0.0,0.0,6.1959205,0,0
RDBECOLIPMC02510,lysO,b0874,sigma70,cataacatttccttttaattgcaactttactcgtccttccgctttcagtagtgtgtcatcGcgcatttcgacttcatcttt,S,TTTACTCGTCCTTCCGCTTTCAGTAGTGT,0.0,1.0,5.2421942,0,2
RDBECOLIPMC03950,lysP,b2156,sigma70,gtgtcttataaccgtgtatttctgccggaaggattgccaatcgtctgctacaatcgcgccTcatttttaagatggatagca,S,CTGCCGGAAGGATTGCCAATCGTCTGCTACAAT,1.0,1.0,7.90200475,0,0
RDBECOLIPMC03376,purH,b4006,sigma70,tcaccattgaaagagaaaaattcgcgagcgttgcgcaaacgttttcgttacaatgcgggcGaaaaataaggatgccccgtt,S,AGCGTTGCGCAAACGTTTTCGTTACAAT,1.0,1.0,7.21986985,0,0
RDBECOLIPMC00442,inaA,b2237,sigma70,ttcattaatacgacacgtttcattaagattttcctcaggtaaccacctatagtcattgtcGttaataaaaatgacaggcga,W,TTAAGATTTTCCTCAGGTAACCACCTATAGT,1.0,1.0,5.348743450000001,0,2
RDBECOLIPMC03269,argO,b2923,sigma70,ctgattgccaattaatattatcaatttccgctaataacaatcccgcgatatagtctctgcAtcagatacttaattcggaat,C,TTTCCGCTAATAACAATCCCGCGATATAGT,1.0,1.0,4.8245075,0,2
RDBECOLIPMC03419,slp,b3506,sigma70,tatcaggcatatcacctcagaatcagatgaaaactataaagaaatatctattatggttttAatatttgttgataaggatag,S,ATGAAAACTATAAAGAAATATCTATTAT,1.0,1.0,7.810453,0,0
RDBECOLIPMC00608,fadD,b1805,sigma70,cgcttcgcaaccttttcgttgggtaattatcaagctggtatgatgagttaatattatgttAacggcatgtatatcatttgg,S,TTATCAAGCTGGTATGATGAGTTAATATTAT,1.0,1.0,5.0621281,0,2
RDBECOLIPMC03623,fabB,b2323,sigma70,ttctctattaaatggctgatcggacttgttcggcgtacaagtgtacgctattgtgcattcGaaacttactctatgtgcgac,S,TTGTTCGGCGTACAAGTGTACGCTATTGT,1.0,1.0,8.758574500000002,0,1
RDBECOLIPMC03325,aroF,b2601,sigma70,gtaaataaaaatgtacgaaatatggattgaaaactttactttatgtgttatcgttacgtcAtcctcgctgaggatcaacta,S,TTGAAAACTTTACTTTATGTGTTATCGT,1.0,1.0,7.982673849999999,0,0
RDBECOLIPMC03385,sodA,b3908,sigma70,tacgaaaagtacggcattgataatcattttcaatatcatttaattaactataatgaaccaActgcttacgcggcattaaca,S,TTTCAATATCATTTAATTAACTATAAT,1.0,1.0,10.7743175,0,1
RDBECOLIPMC00232,nadE,b1740,sigma70,catattcttgttcatattccgtcctcttgtttatcagcgtgttagataagcctggaatacAttgggcgctttttcaagccc,S,TTCCGTCCTCTTGTTTATCAGCGTGTTAGATA,0.0,1.0,8.04661675,0,0
RDBECOLIPMC02921,dut,b3640,sigma70,tgtttcccagccaactcaaggatttaacagcgacaacaacgcattacaccttttctggcaGgacggagataaagtcttacc,W,TTAACAGCGACAACAACGCATTACACC,0.0,0.0,8.0575665,0,0
RDBECOLIPMC03110,sbcD,b0398,sigma70,tattgatttccgtggcgcagaaaaaagcaaatggcacatctgtttgggtataatcgcgccCatgctttttcgccagggaac,W,AGCAAATGGCACATCTGTTTGGGTATAAT,0.0,1.0,4.58992325,0,2
RDBECOLIPMC02959,hipB,b1508,sigma70,gtagagcggataagatgtgtttccagattgacttatcctcactaaaggataaaacttataAtatccccttaagcggataaa,S,TTGACTTATCCTCACTAAAGGATAAAAC,1.0,1.0,5.0001645,0,2
RDBECOLIPMC00510,nfeF,b3070,sigma70,tagacatatcagttctacaaatcgcttgcatttatcatgattaacaatcattatcatttgCgagttttatttagatatatc,W,TTGCATTTATCATGATTAACAATCATTATCAT,0.0,1.0,5.72519755,0,2
RDBECOLIPMC02903,artJ,b0860,sigma70,catttaaattatttaatcatgtttattgcatataaattcacttgatggcattgttatcccAtgccgcagacacggccaaaa,C,TTGCATATAAATTCACTTGATGGCATTGT,0.0,1.0,8.647779,0,1
RDBECOLIPMC04042,adiA,b4117,sigma70,ttcaaaaatgtttgtttttcacgcgctttacagcccgaaaaggccggaagatacttgcccGcaacgaagattccttcataa,S,TTTACAGCCCGAAAAGGCCGGAAGATACT,1.0,1.0,1.93842055,0,2
RDBECOLIPMC03994,xseA,b2509,sigma70,catctacccctttttgcaaaaaatgcttgctatccccgaagggcgggttactatcgactgAataacctgctgatttagaat,W,TTGCTATCCCCGAAGGGCGGGTTACTATCGA,1.0,1.0,6.55631375,0,0
RDBECOLIPMC04024,paaX,b1399,sigma70,ggccctggtggggtaaagcgccagggccagaagtcgatacgacctgtgctatgattcataAatcacaacaataacaacaga,S,GGGCCAGAAGTCGATACGACCTGTGCTATGAT,0.0,1.0,5.1208693499999995,0,2
RDBECOLIPMC03486,tonB,b1252,sigma70,ttcactgatcctgatcgtcttgccttattgaatatgattgctatttgcatttaaaatcgaGacctggtttttctactgaaa,S,TTGAATATGATTGCTATTTGCATTTAAAAT,0.0,0.0,7.479480949999999,0,0
RDBECOLIPMC03027,efeU,b4490,sigma70,ttataaacattccgcttgtgtttttctttgccgtaatgataatcgctatcactgcgatttActtttctttgcatagattga,S,,0.0,1.0,6.46073155,0,0
RDBECOLIPMC03454,udp,b3831,sigma70,atttgcgtcatggtgatgagtatcacgaaaaaatgttaaacccttcggtaaagtgtctttTtgcttcttctgactaaaccg,S,ATCACGAAAAAATGTTAAACCCTTCGGTAAAGT,1.0,1.0,8.114142000000001,0,0
RDBECOLIPMC03510,metC,b3008,sigma70,ctgcgcataataatatcaaaacgacgtcgaattgatagtcgttctcattactatttgcatActgccgtacctttgctttct,W,GTCGAATTGATAGTCGTTCTCATTACTAT,1.0,1.0,7.211541,0,0
RDBECOLIPMC03439,cadC,b4133,sigma70,ataatatgtaaataaacccatctatagatggtaaaaataggttgtggcaattatcattgcAtcattcccttttcgaatgag,S,ATGGTAAAAATAGGTTGTGGCAATTATCAT,1.0,1.0,2.76388625,0,2
RDBECOLIPMC03898,glcC,b2980,sigma70,ccagctctgtgaccttgtcttggttaactcaatgttaaattgatgtaacataatcacttaCgtgatgtgcgtgttttgcga,S,TTAACTCAATGTTAAATTGATGTAACATAAT,1.0,1.0,5.1538954,0,2
RDBECOLIPMC03424,cyoA,b0432,sigma70,tccaagtaacaggaatttaatcatgtttacagtaatgtaaccttcccgtaaaatgcccacAcactttaaacgccaccagat,S,TTTACAGTAATGTAACCTTCCCGTAAAAT,1.0,1.0,10.5955885,0,1
RDBECOLIPMC03930,fimE,b4313,sigma70,actggaagttaatccactgcaatctattgttatattgaatcaaatcaatgaaaatagatgTtgtcacatcagtgatatttt,S,TTGTTATATTGAATCAAATCAATGAAAAT,1.0,1.0,3.1406212,0,2
RDBECOLIPMC03391,uvrA,b4058,sigma70,cactccgggtaatgcattccaatactgtatattcattcaggtcaatttgtgtcataattaAccgtttgtgatcgccggtag,S,TTCATTCAGGTCAATTTGTGTCATAAT,0.0,1.0,6.0539425,0,0
RDBECOLIPMC03446,ubiG,b2232,sigma70,gcgcagtttgaggtaaacctatacgctttattcacatccaatgcctgatatactcgtttgTcttgccaattacggagtaga,W,TTTATTCACATCCAATGCCTGATATACT,1.0,0.0,6.97456385,0,0
RDBECOLIPMC03374,phoB,b0399,sigma70,tgaagatatgtgcgacgagcttttcataaatctgtcataaatctgacgcataatgacgtcGcattaatgatcgcaacctat,W,TTCATAAATCTGTCATAAATCTGACGCATAAT,1.0,1.0,5.092798,0,2
RDBECOLIPMC02455,frr,b0172,sigma70,aatagcctaataatccagacgattacccgtaatatgtttaatcagggctatacttagcacActtccactgtgtgtgactgt,S,TTACCCGTAATATGTTTAATCAGGGCTATACT,0.0,1.0,9.985985750000001,0,1
RDBECOLIPMC03695,cytR,b3934,sigma70,cacacttttcatgaaaattctgtaaccgttttcacgcgctatctgctaaaaatgttgccgAtgtgaagtaaacatggatgt,S,GTAACCGTTTTCACGCGCTATCTGCTAAAAA,0.0,1.0,5.9816611,0,0
RDBECOLIPMC03356,lexA,b4043,sigma70,ctctggtttattgtgcagtttatggttccaaaatcgccttttgctgtatatactcacagcAtaactgtatatacacccagg,S,TTCCAAAATCGCCTTTTGCTGTATATACT,0.0,1.0,7.59607835,0,0
RDBECOLIPMC03431,mdh,b3236,sigma70,ctacacattcttgagatgtggtcattgtaaacggcaattttgtggattaaggtcgcggcaGcggagcaacatatcttagtt,S,TTGTAAACGGCAATTTTGTGGATTAAGGT,1.0,1.0,10.74210425,0,1
RDBECOLIPMC02449,bluF,b1163,sigma70,aaacggttatgttttggtattaaaagaaagacacaagaagatatgtctgttaccgtcttaCtctcgcctcacccattaccc,S,AAGACACAAGAAGATATGTCTGTTACCGT,1.0,1.0,4.8504396,0,2
RDBECOLIPMC03340,dusB,b3260,sigma70,ctcagaggattggtcaaagtttggcctttcatctcgtgcaaaaaatgcgtaatatacgccGccttgcagtcacagtatggt,C,TTTCATCTCGTGCAAAAAATGCGTAATAT,1.0,1.0,9.167944,0,1
RDBECOLIPMC03398,cysB,b1275,sigma70,atacactaaggctataaatgatatagtggttatagttagcaccttttttattattaaatcGtattagtcacccgccaggtg,W,GTGGTTATAGTTAGCACCTTTTTTATTAT,1.0,1.0,7.093491,0,0
RDBECOLIPMC03470,fecI,b4293,sigma70,acaacatgttaaaaatgtctattggaaacaattttatttccaattgtaatgataaccattCtcatattaatatgactacgt,C,TTGGAAACAATTTTATTTCCAATTGTAATGAT,0.0,1.0,6.3292029,0,0
RDBECOLIPMC00308,mepH,b1655,sigma70,atttttttgcgctcgccaacgaaacgtattttttaacaataaaagctattaactttctctTcttctatgcattagaatcat,W,GTATTTTTTAACAATAAAAGCTATTAA,0.0,1.0,5.755092,0,2
RDBECOLIPMC03381,pyrD,b0945,sigma70,acgtttgcgttttttttgccgcaggtcaattcccttttggtccgaactcgcacataatacGcccccggtttgcacaccggg,S,TTCCCTTTTGGTCCGAACTCGCACATAAT,0.0,1.0,6.66475485,0,0
RDBECOLIPMC02854,rpsP,b2609,sigma70,tttacagcagagttagcaactgttgattgcaattcccgcaaaaatgagtaaaattttcggGcttttaatatgacaccggac,S,TTGCAATTCCCGCAAAAATGAGTAAAAT,0.0,1.0,11.3485875,0,1
RDBECOLIPMC03765,mngR,b0730,sigma70,cattatgtgatcaatttcacttgattgaaattatttgtattgtatttgtattatttacagGatgaatttatcgggcataat,W,TTGAAATTATTTGTATTGTATTTGTATTAT,0.0,1.0,4.604903,0,2
RDBECOLIPMC02760,zntA,b3469,sigma70,ctcgctgtatctctgataaaacttgactctggagtcgactccagagtgtatccttcggttAatgagaaaaaacttaaccgg,S,TTGACTCTGGAGTCGACTCCAGAGTGTATCCT,0.0,0.0,4.413969,0,2
RDBECOLIPMC00221,panB,b0134,sigma70,tggcagtgctgctacggataaatcattgcccccaccaatgtgactgataaaatgccagacAgcacaacatcaatttatcag,W,TTGCCCCCACCAATGTGACTGATAAAAT,0.0,0.0,8.047202,0,0
RDBECOLIPMC02958,glyQ,b3560,sigma70,aagccctgctttttcccgtttcgtactgtatatcttccatccagcgggtatactgatcccTtcctttaaatccacacgtat,W,CTGTATATCTTCCATCCAGCGGGTATACT,0.0,0.0,8.676829999999999,0,1
RDBECOLIPMC02868,nohA,b1548,sigma70,cataattgattatttgacgtggtttgatggcctccacgcacgttgtgatatgtagatgatAatcattatcactttacgggt,W,,0.0,1.0,2.0227991999999997,0,2
RDBECOLIPMC02499,yciW,b1287,sigma70,ctgatatttgttatcgccgatccgtctttctccccttcccgccttgcgtcaggataacgaTttcctttacgaccaaggagc,W,TTCTCCCCTTCCCGCCTTGCGTCAGGAT,1.0,0.0,6.46369365,0,0
RDBECOLIPMC02501,sutR,b1434,sigma70,gtgcgttatagcgtacaggcaccgtagcatttgtccgttataacgcacaagtgataaactTccgttttgccggaggagtcg,S,TTGTCCGTTATAACGCACAAGTGAT,0.0,0.0,3.9401143999999997,0,2
RDBECOLIPMC00406,efp,b4147,sigma70,aaagctttttggcgctgcgtccggctaacagtttttcctccgcgtctatattcaaaagacGcagaagttcatcaggatcgg,W,CTAACAGTTTTTCCTCCGCGTCTATATT,0.0,1.0,9.6630185,0,1
RDBECOLIPMC03733,accD,b2316,sigma70,actccgcggttcgaccacttttttatccaaagtttcgggctgttatgttttaatgtgcaaCattcatggtctgttgggggc,S,TTTTTATCCAAAGTTTCGGGCTGTTATGTT,1.0,1.0,8.9930375,0,1
RDBECOLIPMC02983,ychO,b1220,sigma70,cgcgagaaaatacgacaaaagttgccagtaatcgttattctttaaggctatggtttttcaTtattaccggaagttaccgac,W,TTGCCAGTAATCGTTATTCTTTAAGGCTATGGT,0.0,1.0,4.054845800000001,0,2
RDBECOLIPMC03523,speA,b2938,sigma70,ttctcgtggtttcgccgaactttcacacttacgttcggttatgtgcttaataatgttatgAaaaagaaaccggttgcgcag,W,TTCACACTTACGTTCGGTTATGTGCTTAATAAT,0.0,1.0,8.285585,0,0
RDBECOLIPMC03507,fpr,b3924,sigma70,tcgattgagccttccagtccttcgggactggaatttttttgttcggagaacgaagataagGcaagtcaatcaaaacaggag,W,CTGGAATTTTTTTGTTCGGAGAACGAAGATAAG,1.0,0.0,6.7526095,0,0
RDBECOLIPMC03964,cutA,b4137,sigma70,cacgccccgctttctttcccgccgactaacatccttcccccgtccgttgtatagtgacctCtctcttgcggttccatctgt,S,CTAACATCCTTCCCCCGTCCGTTGTATAGT,0.0,0.0,6.1778395,0,0
RDBECOLIPMC02234,yihV,b3883,sigma70,tttatcgtcaaaaaattgacagccgtcactttttaaacaattggtgaaattaaaatgaacGcatcccaaaatgtttaagga,S,TTTTTAAACAATTGGTGAAATTAAAAT,0.0,1.0,2.7250370000000004,0,2
RDBECOLIPMC02550,csqR,b3884,sigma70,agccgggatccctgactgtgatcaaacccgatcttttttgtcactttttgtataaaatgcCagggtgatggtttttcgagg,S,,0.0,1.0,5.36510185,0,2
RDBECOLIPMC03475,narX,b1222,sigma70,gtgagtacagtgacttcataaaaattatgagatttttcacggtgctgtaaaatccctaccCttaccgatgtaaagcgacta,W,ATGAGATTTTTCACGGTGCTGTAAAAT,1.0,1.0,5.0389228500000005,0,2
RDBECOLIPMC03459,hns,b1237,sigma70,tttgaattccttacattcctggctattgcacaactgaatttaaggctctattattacctcAacaaaccaccccaatataag,C,TTGCACAACTGAATTTAAGGCTCTATTAT,1.0,1.0,11.726992,0,1
RDBECOLIPMC03499,umuD,b1183,sigma70,gacaaatattgatagcctgaatcagtattgatctgctggcaagaacagactactgtatatAaaaacagtataacttcaggc,S,TTGATCTGCTGGCAAGAACAGACTACTGT,0.0,1.0,3.79191065,0,2
RDBECOLIPMC00238,dinI,b1061,sigma70,aaacaataaaaatcgtagcttcctgttgtcattaggttattttacctgtataaataaccaGtatattcaacagggggctat,S,,0.0,1.0,6.4428733000000005,0,0
RDBECOLIPMC00449,hpt,b0125,sigma70,acaattcgagctttattaacagattccgcgaatgaatagttttactggtatactgcgtgtCttgcgctttgttgcggtgcc,S,TTCCGCGAATGAATAGTTTTACTGGTATACT,1.0,1.0,7.690198649999999,0,0
RDBECOLIPMC03483,fepB,b0592,sigma70,ggtaacgcaatctgcaactcggggttgcatctggttgtggttacaatgaaaatgagaagcAttattgatggattcgcataa,S,TTGCATCTGGTTGTGGTTACAATGAAAAT,0.0,1.0,5.0913454,0,2
RDBECOLIPMC00477,trxC,b2582,sigma70,atcatacctattgaataaaacagattgttgtctggaacaatgtccccgataatatgtaacAtattagaaacataccggcgt,S,TTGTCTGGAACAATGTCCCCGATAATAT,1.0,0.0,6.26260495,0,0
RDBECOLIPMC03098,rcnR,b2105,sigma70,aagaaccaggcgtttccttgctgaagaagagttgtaaattcggtcatgataataattcttAgtattaattcggcaatctga,S,AAGAAGAGTTGTAAATTCGGTCATGATAATAA,0.0,1.0,6.62106535,0,0
RDBECOLIPMC03412,ilvC,b3774,sigma70,attgcaatgtgacgttgtgaatatatcaatttccgcaataaatttcctgtcatatagtgaAttcaatctcgcaaacgcgaa,S,TTTCCGCAATAAATTTCCTGTCATATAGT,1.0,0.0,11.038279,0,1
RDBECOLIPMC02015,arfA,b4550,sigma70,gggcgagtggcgttaagagtggttgttgattttttgcactggcaggattacactcgcgccGttaaataaccaactggagtt,S,TTGATTTTTTGCACTGGCAGGATTACACT,0.0,0.0,4.59146435,0,2
RDBECOLIPMC03467,dsdA,b2366,sigma70,ctggctagtgaagcaatattgcggcgctacgctcaatgaaacatttaaatactatacgacAgcgacatttatcgcttcagt,S,CTACGCTCAATGAAACATTTAAATACTAT,1.0,0.0,3.8845533,0,2
RDBECOLIPMC03802,cspD,b0880,sigma70,tgccccttgtcccctgtcaaatgcttgacggctcgccctaattctctaaattgtatttctAgagttggcgaggttttgaac,S,TTGACGGCTCGCCCTAATTCTCTAAATT,1.0,1.0,9.797363,0,1
RDBECOLIPMC03811,soxR,b4063,sigma70,tctgcctcttttcagtgttcagttcgttaattcatctgttggggagtataattcctcaagTtaacttgaggtaaagcgatt,S,TTCGTTAATTCATCTGTTGGGGAGTATAAT,0.0,1.0,3.84114195,0,2
RDBECOLIPMC02473,degQ,b3234,sigma70,gactatcatttaatctggtgtctcattgttagccgtctgaaaattcaataacatcaaactGttttgaatctcttttcttat,S,TTGTTAGCCGTCTGAAAATTCAATAACAT,0.0,0.0,5.67529475,0,2
RDBECOLIPMC02474,degS,b3235,sigma70,tcgtaaaccgggcatcaggcttacgtgtgatgtccggttaactcgtggtatgctgctgccGttcccttttttaatgacgcc,S,GTGATGTCCGGTTAACTCGTGGTATGCT,0.0,0.0,5.8902371,0,0
RDBECOLIPMC03378,purM,b2499,sigma70,tgcaaaaaggttgtgtaaagcagtctcgcaaacgtttgctttccctgttagaattgcgccGaattttatttttctaccgca,S,CTCGCAAACGTTTGCTTTCCCTGTTAGAAT,0.0,1.0,8.270184,0,0
RDBECOLIPMC03437,betI,b0313,sigma70,cgtaacaattaagacacattttatattgaacgtccaatcaataaccgctttaatagataaAcaccgctgatgaatggagtg,S,TTGAACGTCCAATCAATAACCGCTTTAATAG,1.0,1.0,5.867184,0,0
RDBECOLIPMC03794,upp,b2498,sigma70,ttttgactaaagtcaacgaaaagaatattgccgccttgaagaaaggaggtataatccgtcGattttttttgtggctgcccc,S,TTGCCGCCTTGAAGAAAGGAGGTATAAT,1.0,1.0,8.267627000000001,0,0
RDBECOLIPMC00312,yeaE,b1781,sigma70,cgatggtggataaatcctggactggcctgatttctaccgggatcacctacaaattctgatAatgcatctttccagggcatt,W,TTTCTACCGGGATCACCTACAAATTCT,0.0,1.0,4.94798765,0,2
RDBECOLIPMC03779,hscB,b2527,sigma70,cggcgaaagcttccacgtttgatgcgcataccgataaccccaccgtggtcgcctgcgcgtGgggtttgttttacctgattc,S,ATACCGATAACCCCACCGTGGTCGCCT,0.0,0.0,7.073020850000001,0,0
RDBECOLIPMC03404,purE,b0523,sigma70,gctgatttcacagccacgcaaccgttttccttgctctctttccgtgctattctctgtgccCtctaaagccgagagttgtgc,S,TTTCCTTGCTCTCTTTCCGTGCTATTCT,0.0,1.0,7.3918870000000005,0,0
RDBECOLIPMC00321,yobF,b1824,sigma70,atgtaataacttctcccactggcctggaacaactgaacttattgaactatgttagaaaatAcgccagtttaagtatctgcc,S,CTGGAACAACTGAACTTATTGAACTATGTT,1.0,1.0,12.128013,0,1
RDBECOLIPMC03387,sulA,b0958,sigma70,cgaggctctttccgaaaatagggttgatctttgttgtcactggatgtactgtacatccatAcagtaactcacaggggctgg,C,TTGATCTTTGTTGTCACTGGATGTACTGT,1.0,1.0,6.2442530000000005,0,0
RDBECOLIPMC03094,apt,b0469,sigma70,aaagcactgaagcacaacaatcgcagttgcaattattgcgtacagccagtacattctggcGttttcgagcacaggcgcagg,S,TTGCAATTATTGCGTACAGCCAGTACATT,0.0,1.0,8.0397675,0,0
RDBECOLIPMC03699,metB,b3939,sigma70,aagaagtttagatgtccagatgtattgacgtccattaacacaatgtttactctggtgcctGacatttcaccgacaaagccc,S,TTGACGTCCATTAACACAATGTTTACTCT,1.0,1.0,6.78809365,0,0
RDBECOLIPMC03353,katG,b3942,sigma70,atcgcatccgtggattaattcaattataacttctctctaacgctgtgtatcgtaacggtaAcactgtagaggggagcacat,S,TTATAACTTCTCTCTAACGCTGTGTATCGT,1.0,1.0,7.838863,0,0
RDBECOLIPMC03891,pntA,b1603,sigma70,attttcagtacgttatagggcgtttgttactaatttattttaacggagtaacatttagctCgtacatgagcagcttgtgtg,W,TTGTTACTAATTTATTTTAACGGAGTAACAT,1.0,1.0,9.46417,0,1
RDBECOLIPMC00219,frsA,b0239,sigma70,caacgcctggcactgccgggcgttgttctttttaacttcaggcgggttacaatagtttccAgtaagtattctggaggctgc,W,TTGTTCTTTTTAACTTCAGGCGGGTTACAAT,0.0,0.0,5.93696235,0,0
RDBECOLIPMC03657,rpsJ,b3321,sigma70,aggctgtttactttactagcaatacgcttgcgttcggtggttaagtatgtataatgcgcgGgcttgtcgtagttgacagca,S,TTGCGTTCGGTGGTTAAGTATGTATAAT,1.0,1.0,12.5008555,0,1
RDBECOLIPMC02957,feoA,b3408,sigma70,accaacattcgcacacattttaagtattgctgatagaaaccattctcattatcattgtgtTgttgattatttaatctctcc,W,TTGCTGATAGAAACCATTCTCATTATCAT,1.0,1.0,6.8330965,0,0
RDBECOLIPMC04034,rsd,b3995,sigma70,tcaattatacgatccatagctcttgcactacctttgcatcactggcatgtttaacatggtTtttacatttctcactgagca,S,CTACCTTTGCATCACTGGCATGTTTAACAT,1.0,1.0,8.167665,0,0
RDBECOLIPMC00250,murR,b2427,sigma70,gcacatttccagcgtcgatacgcggtcaatttcagccgaggcggtgttcgagccttcagtAatcatcttttcaaattgcat,S,ATTTCAGCCGAGGCGGTGTTCGAGCCT,0.0,0.0,2.9257388,0,2
RDBECOLIPMC03668,gyrB,b3699,sigma70,atagacatgtcggacgaaaattcgaagatgtttaccgtggaaaagggtaaaataacggatTaacccaagtataaatgagcg,S,TTCGAAGATGTTTACCGTGGAAAAGGGTAAAAT,0.0,1.0,7.495974,0,0
RDBECOLIPMC02853,amyA,b1927,sigma70,gctccgcaggataacctcttttgaatctgaatgagtcgatggctcgcgaataatccgattAcggctacgcttctaatgttc,W,CTGAATGAGTCGATGGCTCGCGAATAAT,0.0,0.0,6.6658261,0,0
RDBECOLIPMC00502,yciC,b1255,sigma70,tgcttttccatacaagacctgatgctgccacccgaggcttaaccagggtacaattgcccgCtaattaacacctgcataaaa,W,CTGCCACCCGAGGCTTAACCAGGGTACAAT,0.0,0.0,6.2770312,0,0
RDBECOLIPMC00278,pldA,b3821,sigma70,ggtttctactttaggaagggataactaacggctatggagttaagtatgtaaaatagcccgCagaaaaatattcaccttatc,W,CTAACGGCTATGGAGTTAAGTATGTAAAAT,1.0,1.0,6.3316053,0,0
RDBECOLIPMC03932,acnA,b1276,sigma70,tcttttatcaatttgggttgttatcaaatcgttacgcgatgtttgtgttatctttaatatTcaccctgaagagaatcaggg,S,TTACGCGATGTTTGTGTTATCTTTAATAT,1.0,1.0,7.16513715,0,0
RDBECOLIPMC03643,ptrA,b2821,sigma70,aatcagtcatgagtgctgtataaaaattgcgcaatctatccgcttactttatgatgcgcaCcagtcacggactgatggtta,S,TTGCGCAATCTATCCGCTTACTTTATGAT,0.0,1.0,5.092135,0,2
RDBECOLIPMC03504,lysA,b2838,sigma70,ctcgcaatccggtaatccatatcatttttgcatagactcgacataaatcgatattttttaTtctttttatgatgtggcgta,W,TTGCATAGACTCGACATAAATCGATATTTT,1.0,0.0,6.0385895,0,0
RDBECOLIPMC03924,putA,b1014,sigma70,ttgctacgcatgtcacatttaacatggttgcacaaagttgcaacatcatggatatttcacGataacgttaagttgcacctt,S,TTGCACAAAGTTGCAACATCATGGATATT,1.0,1.0,4.48118685,0,2
RDBECOLIPMC02514,ymiA,b4522,sigma70,actggagacgattcgtaaattcgctggatttttgactaaagtttctttaggatttgtctcAtcgtatgattaattacacca,S,TGGATTTTTGACTAAAGTTTCTTTAGGATT,0.0,1.0,7.18455185,0,0
RDBECOLIPMC03410,tyrP,b1907,sigma70,ttacaccatatgtaacgtcggtttgacgaagcagccgttatgccttaacctgcgccgcagAtatcactcataaagatcgtc,S,TTGACGAAGCAGCCGTTATGCCTTAACCT,0.0,1.0,4.4301395,0,2
RDBECOLIPMC03488,gatY,b2096,sigma70,tattgtcgtttttgtgatcgttatctcgatatttaaaaacaaataatttcattatattttGaaatcgaaaacaaacgacag,S,TTTAAAAACAAATAATTTCATTATATT,1.0,1.0,10.669502999999999,0,1
RDBECOLIPMC02506,mrp,b2113,sigma70,atagtaccaaatgggaaaatgttaagtaagtacttctctatattcttcaggtaaactatcAgctgatggtttatctataca,S,GTTAAGTAAGTACTTCTCTATATTCTTCAGGTAAACT,0.0,0.0,7.2764025,0,0
RDBECOLIPMC03528,zwf,b1852,sigma70,tcgcacgggtggataagcgtttacagttttcgcaagctcgtaaaagcagtacagtgcaccGtaagaaaattacaagtatac,S,TTCGCAAGCTCGTAAAAGCAGTACAGT,1.0,1.0,8.177580500000001,0,0
RDBECOLIPMC02613,glrK,b2556,sigma70,caaagccgggtaattcccggctttgttgtatctgaacttcccctcggttagcatcaggctAttcgcgtctgacgagagtaa,S,TTGTATCTGAACTTCCCCTCGGTTAGCAT,0.0,0.0,4.8567512,0,2
RDBECOLIPMC03629,hisS,b2514,sigma70,agcaggttgaaaaataataacgtgatgggaagcgcctcgcttcccgtgtatgattgaaccCgcatggctcccgaaacattg,S,ATGGGAAGCGCCTCGCTTCCCGTGTATGAT,0.0,0.0,8.3098125,0,0
RDBECOLIPMC03512,mtlA,b3599,sigma70,tgatatcacacaaaaggccgtcgactggacagttaaccgattcagtgccagatttcgcagTatctacaaggtccggctacc,W,TGGACAGTTAACCGATTCAGTGCCAGATT,1.0,1.0,5.88171965,0,0
RDBECOLIPMC02500,pflA,b0902,sigma70,gggccttttttagcgcgagagccttttttgtcagctatctatactttaaggtgactgccaAaacagactcgacgtagcctt,S,TTGTCAGCTATCTATACTTTAAG,0.0,0.0,6.7568138,0,0
RDBECOLIPMC03596,manA,b1613,sigma70,cgactttttgcggctccaggttacttcccgtaggattcttgctttaatagtgggattaatTtccacattaaaacagggatt,S,TAGGATTCTTGCTTTAATAGTGGGATTAA,1.0,1.0,6.668873,0,0
RDBECOLIPMC02982,ysgA,b3830,sigma70,tcagaagaagcaaaaagacactttaccgaagggtttaacattttttcgtgatactcatcaCcatgacgcaaatgcgttgca,W,TTACCGAAGGGTTTAACATTTTTTCGTGATACT,1.0,1.0,7.0647222,0,0
RDBECOLIPMC00023,gltI,b0655,sigma70,aataggctgattcaaggcatttacgggagaaaaaatcggctcaaacatgaagaaatgaaaTgactgagtcagccgagaaga,W,AGAAAAAATCGGCTCAAACATGAAGAAATGAA,1.0,0.0,8.2190665,0,0
RDBECOLIPMC03441,cpdB,b4213,sigma70,tgcgccaactgtgatagtgtcatcattttcaaagcgtaaaattgtggcattcttcactgtTctataagtaagacgtttatt,S,TTTCAAAGCGTAAAATTGTGGCATTCT,1.0,1.0,5.3613117500000005,0,2
RDBECOLIPMC00590,recN,b2616,sigma70,aattattctaattttacgccagcctctttactgtatataaaaccagtttatactgtacacAataacagtaatggtttttca,W,TTTACTGTATATAAAACCAGTTTATACT,0.0,1.0,4.7186556,0,2
RDBECOLIPMC02528,cecR,b0796,sigma70,cgttgctaaaattcttagccatactggacaactcccctatggagtcataatcttaatcaaTcatttgattaagaatggact,W,AACTCCCCTATGGAGTCATAATCTTA,0.0,1.0,5.1673808,0,2
RDBECOLIPMC01427,argS,b1876,sigma70,aaacggcaatacgccacgcgcacgttgctgacgaaaacagccatttgcagtatactcccgCcctaatttctttaactggtg,S,TTGCTGACGAAAACAGCCATTTGCAGTATACT,0.0,1.0,7.21756935,0,0
RDBECOLIPMC03409,tyrB,b4054,sigma70,ttgccgttcgctcctgaacatccactcgatcttcgccttcttccggtttattgtgttttaAccacctgcccgtaaacctgg,C,CTCGATCTTCGCCTTCTTCCGGTTTATTGT,0.0,1.0,7.760363,0,0
RDBECOLIPMC03882,uxuA,b4322,sigma70,tgtggttaaccaatttcagaattcgggttgacatgtcttaccaaaaggtagaacttatacGccatctcatccgatgcaacg,S,TTGACATGTCTTACCAAAAGGTAGAAC,1.0,1.0,4.412948,0,2
RDBECOLIPMC03936,bcp,b2480,sigma70,attgagcaagcgttcaaagccctatgtacagaactcaatgcacaaggcagtattaacgtcGtcaattattcccaacatgat,S,TGTACAGAACTCAATGCACAAGGCAGTAT,0.0,0.0,9.575137,0,1
RDBECOLIPMC00310,tynA,b1386,sigma70,gccaaacaacctggcaggtgcaggcaatcccctttgcatcagtactgataatgtgaacctGactaaaccgcccacagagcg,W,ATCCCCTTTGCATCAGTACTGATAAT,1.0,0.0,2.10573915,0,2
RDBECOLIPMC03375,purC,b2476,sigma70,ttagcaagtaaaaatacagggctggaatcatccggcccttttttctgatatgatacgcaaAcgtgtgcgtctgcaggaaaa,S,CTGGAATCATCCGGCCCTTTTTTCTGATATGAT,0.0,1.0,8.942643,0,1
RDBECOLIPMC02393,prfC,b4375,sigma70,tggagcagctcctgtgtaaacactgattgcctcccccccgttgatgggtaaaatagccgcAatttttcgttttcaacaagc,S,TTGCCTCCCCCCCGTTGATGGGTAAAAT,0.0,1.0,7.4265336,0,0
RDBECOLIPMC03434,asnA,b3744,sigma70,gagttaggctttttattgaatgattattgcatgtgtgtcggtttttgttgcttaatcataAgcaacaggacgcaggagtat,S,TTGCATGTGTGTCGGTTTTTGTTGCTTAATCAT,1.0,1.0,5.64256095,0,2
RDBECOLIPMC00441,cusR,b0571,sigma70,aaaattgtcattttgccaataagcgattgccatctgatcccgctactctagaattgcccgGgcaacatgcggaggaaatat,S,TTGCCATCTGATCCCGCTACTCTAGAAT,1.0,0.0,5.857767,0,0
RDBECOLIPMC01364,msrB,b1778,sigma70,agatcaagtttaggacaaaattttgccagttggtgttaatgttttgttagaatcagtcacGtaatgtgagcacgattaaag,S,TTGCCAGTTGGTGTTAATGTTTTGTTAGAAT,0.0,1.0,8.310490000000001,0,0
RDBECOLIPMC03028,yebE,b1846,sigma70,tgcgcatcttttgtctcgatatacattttctgacatcctcatccgctatgctacaggcacTaaaaatggttattgaggagc,S,TTTTCTGACATCCTCATCCGCTATGCT,1.0,0.0,4.869612249999999,0,2
RDBECOLIPMC00494,yqhD,b3011,sigma70,ggcaagacattggcagaaatgagcattgagagccagggcgctggcgatcacaatgaaaaaCatcaggcagatcgttctctg,S,TTGAGAGCCAGGGCGCTGGCGATCACAAT,1.0,0.0,5.8214118,0,0
RDBECOLIPMC02786,uxuR,b4324,sigma70,actgatatttggttgaccagttttcgtttttttgcccacctgtacgtgccaacttccagtGctaatggtatagtttgagat,W,TTTTTTTGCCCACCTGTACGTGCCAACTT,1.0,1.0,5.774467,0,2
RDBECOLIPMC03368,nrdA,b2234,sigma70,ttcctgagttatccacaaagttatgcacttgcaagagggtcattttcacactatcttgcaGtgaatcccaaacataccccc,S,TTGCAAGAGGGTCATTTTCACACTATCTT,1.0,1.0,7.4357735,0,0
RDBECOLIPMC02811,ubiC,b4039,sigma70,ttttaccacttcatgcgattgttgcgtttttgttgcgtattagatcacttaatttgctttAcatctcccgtaaacactttt,W,TTTTGTTGCGTATTAGATCACTTAATTT,0.0,1.0,6.604169150000001,0,0
RDBECOLIPMC00699,yagK,b0277,sigma70,caggctggggctaccttcgtctcaaatttagatgttggataggtattatataatggcattGtgtactcttactacctgtat,W,TTAGATGTTGGATAGGTATTATATAAT,0.0,1.0,3.34338785,0,2
RDBECOLIPMC03140,glnS,b0680,sigma70,aagcggtggagatcttctctgccgctttttttttcatcaatcatccccataatccttgttAgattatcaattttaaaaaac,W,TTTTTTTTTCATCAATCATCCCCATAAT,0.0,0.0,8.3853685,0,0
RDBECOLIPMC00226,decR,b0447,sigma70,tgccgtggtgtttaaaccgcacagaataaattgtcgtgatttcacctttaaaataaaattAaaagagaaaaaaattctctg,W,TTGTCGTGATTTCACCTTTAAAATAAAAT,1.0,0.0,4.94123485,0,2
RDBECOLIPMC00607,moeA,b0827,sigma70,acccagcgctacgcccgaggtggcatacagtctgtggcgtttttctgacataataggcaaAttcgattttgcctccgcagg,S,ATACAGTCTGTGGCGTTTTTCTGACATAAT,1.0,1.0,5.6827328,0,2
RDBECOLIPMC00269,rpoZ,b3649,sigma70,atgacgctttaatcagcaaattgttggcagactgaacctgatttcagtatcatgcccagtCatttcttcacctgtggagct,W,TTGGCAGACTGAACCTGATTTCAGTATCAT,0.0,1.0,9.4769585,0,1
RDBECOLIPMC03489,gcvT,b2905,sigma70,atgtgatgatcaattttaccttatggttaacagtctgtttcggtggtaagttcaggcaaaAgagaacgattgcgttgggga,S,ATGGTTAACAGTCTGTTTCGGTGGTAAGTT,1.0,1.0,6.96847235,0,0
RDBECOLIPMC04029,cedA,b1731,sigma70,tagaccaccagccagatcccgcttcggagactattctggaaacggtgttatgaaatacacGcaaagcgggacgtacagggg,W,TTCGGAGACTATTCTGGAAACGGTGTTATGAA,0.0,0.0,5.15573865,0,2
RDBECOLIPMC02559,dgoR,b4479,sigma70,tcatcacgctggtactacaaagttgccgcgttatgcatcgatcggggtaaagtagagaagAacatacagagcacaaggact,W,,1.0,1.0,4.75613675,0,2
RDBECOLIPMC02744,gsk,b0477,sigma70,gtttgttttccggcttcatacaaaaactcctttcaaattacgtcattgtaaggaaccactGccatgaaaatgcgatcccgc,S,,0.0,0.0,5.94752625,0,0
RDBECOLIPMC03797,nuoA,b2288,sigma70,atagaaaggagtaaaaaaccacatcaattagctgtataaaagaatttctacagtgattgtAaggttttttttattcctccc,S,TTAGCTGTATAAAAGAATTTCTACAGT,1.0,1.0,8.9825295,0,1
RDBECOLIPMC02750,rpiB,b4090,sigma70,tggatggtgagtgtctttaacgctattgcgctgtcagatgtaactctgtaaaacagatcaGgaaggcgtaattcatcgatt,S,TTGCGCTGTCAGATGTAACTCTGTAAAAC,1.0,1.0,3.31314345,0,2
RDBECOLIPMC00190,tpiA,b3919,sigma70,ggtttgaataaatgacaaaaagcaaagcctttgtgccgatgaatctctatactgtttcacAgacctgctgccctgcggggc,W,,0.0,1.0,9.877906,0,1
RDBECOLIPMC00495,yihI,b3866,sigma70,aaggcgacagagtaatctgtcgccttttttctttgcttgctttctgttagattccgccgcAaatctatactgaataaaacg,S,TTTTCTTTGCTTGCTTTCTGTTAGATT,0.0,0.0,7.504122300000001,0,0
RDBECOLIPMC02591,speD,b0120,sigma70,atcatgacttttgcatgggcgacagataacgacgccttacgccatctctcaaccgaaattAttcaggcgcgttttctcgcc,S,CAGATAACGACGCCTTACGCCATCTCTCAACC,0.0,0.0,8.450641000000001,0,0
RDBECOLIPMC02592,speE,b0121,sigma70,gatacctttttgtagaaatattgaccgtgcatccgcggtcaatgttagctattatgttgcGccctttttttacgggtgtta,S,TTGACCGTGCATCCGCGGTCAATGTTAGCTATTAT,0.0,0.0,8.18898,0,0
RDBECOLIPMC02852,yacC,b0122,sigma70,gacacaatttaatcgacaataatggtcgtcgcctcgctcgcagtgtgctaacgtttatctTctttaagcccctggtagaag,S,ATGGTCGTCGCCTCGCTCGCAGTGTGCTAACGT,0.0,0.0,6.90971725,0,0
RDBECOLIPMC00560,yfgG,b2504,sigma70,tgacgcttttttacataacgaagaattgaccattttgtcctgttgtgccttaatgtaagtAccgtccacagcgtgggacat,C,TTGACCATTTTGTCCTGTTGTGCCTTAAT,1.0,0.0,7.81859335,0,0
RDBECOLIPMC02833,galP,b2943,sigma70,attacactgatgtgatttgcttcacatctttttacgtcgtactcacctatcttaattcacAataaaaaataaccatattgg,S,TTCACATCTTTTTACGTCGTACTCACCTATCTT,1.0,1.0,5.406540850000001,0,2
RDBECOLIPMC03659,pabA,b3360,sigma70,ctgcagatgatatttagcaaagtggtaagcgaagccggggaatctgagtaaaatagcgcgGttcttttgtaccggagccgc,S,GTGGTAAGCGAAGCCGGGGAATCTGAGTAAAAT,0.0,0.0,4.7817936,0,2
RDBECOLIPMC03015,def,b3287,sigma70,caatctttgcgattggtcagtgatgctgtcaatcagagggggatttgtctagaatagaagAaataatctttctaactcctg,S,CTGTCAATCAGAGGGGGATTTGTCTAGAAT,0.0,0.0,8.6361705,0,1
RDBECOLIPMC02860,polB,b0060,sigma70,gggcagtaatgactgtataaaaccacagccaatcaaacgaaaccaggctatactcaagccTggttttttgatggattttca,W,AGCCAATCAAACGAAACCAGGCTATACT,0.0,1.0,4.208702049999999,0,2
RDBECOLIPMC03084,alaC,b2379,sigma70,agataaatttcctgtttttaaagcagagttcctcatttaacgtcattaataaaatgttctAaaacgctggacagacagaaa,W,TTCCTCATTTAACGTCATTAATAAAAT,1.0,1.0,5.8641176999999995,0,0
RDBECOLIPMC00526,grxB,b1064,sigma70,tagccagaaacgcgccgcgcgtcgtttgcttgaacgcgacgcctgatttgatactcccccCtgactccttcatactgaaag,W,TTGCTTGAACGCGACGCCTGATTTGATACT,1.0,0.0,8.4204195,0,0
RDBECOLIPMC03321,argE,b3957,sigma70,aaaacattcaccttacggctggtgggttttattacgctcaacgttagtgtatttttattcAtaaatactgcatgaatattg,S,TTTATTACGCTCAACGTTAGTGTATTTT,0.0,1.0,7.2312668,0,0
RDBECOLIPMC03951,cmoM,b0921,sigma70,acatcagcggaagtggcagcaacatattgccaatcacttttttcagtgtaaaaagcatccTttctggttccttttttaacc,W,TTGCCAATCACTTTTTTCAGTGTAAAAA,1.0,0.0,6.551183099999999,0,0
RDBECOLIPMC02527,exuR,b3094,sigma70,ccttctcaggcggctttttcatcactgcgagtagagctaaactcgcaaaagtggtataacAaatatagtctgccgtatcat,S,,1.0,1.0,7.097891499999999,0,0
RDBECOLIPMC03525,rbsD,b3748,sigma70,atcacatttccgtaacgtcacgatggttttcccaactcagtcaggattaaactgtgggtcAgcgaaacgtttcgctgatgg,S,TTTTCCCAACTCAGTCAGGATTAAACT,1.0,1.0,6.288105,0,0
RDBECOLIPMC00267,yojI,b2211,sigma70,aaaaagaataaaaataagaattattattgctgtgcgcgcgaagatgtttaaactgcgggcTgtaattcattgtccgggttt,W,TTGCTGTGCGCGCGAAGATGTTTAAACT,1.0,1.0,5.57175395,0,2
RDBECOLIPMC03509,marR,b1530,sigma70,cgtggcatcggtcaattcattcatttgacttatacttgcctgggcaatattatcccctgcAactaattacttgccagggca,W,TTGACTTATACTTGCCTGGGCAATATTAT,1.0,1.0,4.7638862500000005,0,2
RDBECOLIPMC03026,ldtC,b1113,sigma70,ttacaaattctttgcacttccctgcactatccgacactgtcaccatccataattcaggctTatctgtttattacaataacc,S,CTGCACTATCCGACACTGTCACCATCCATAAT,1.0,1.0,5.364768,0,2
RDBECOLIPMC03955,ychQ,b1213,sigma70,catttatcctcgcggggtatcatgacgtcgaaacctgccgtgactatggtgataacgagcGcgtaacgctcggccgctatt,S,ATGACGTCGAAACCTGCCGTGACTATGGT,1.0,0.0,4.94885895,0,2
RDBECOLIPMC03956,kdsA,b1215,sigma70,aatatcagcccgtcggcggaactgttttatgaagaccttgatgaagctgataacattgagGtaatccgcaaattgctggat,S,TTTATGAAGACCTTGATGAAGCTGATAACAT,1.0,1.0,8.45149,0,0
RDBECOLIPMC03477,ndh,b1109,sigma70,aacttgattaacatcaattttggtatgaccaatgcaccattcatgttattctcaatagcgAagaacattttcattgctgta,S,TTGGTATGACCAATGCACCATTCATGTTATTCT,0.0,1.0,6.98933295,0,0
RDBECOLIPMC03929,fimA,b4314,sigma70,acagcaaaaaattataaaaatacgaactcttttttatgcattgaataaatactatacctgTcaaaccggggttaacagaac,S,aactcttttttatgcattgaataaatacta,1.0,0.0,10.158534,0,1
RDBECOLIPMC02512,ybhL,b0786,sigma70,agtacatacgtttacgctgcgtcgatgcacagcctcatcattttgcagtatccttaagatAttccttatatcttcaggaga,S,TGCACAGCCTCATCATTTTGCAGTATCCT,0.0,1.0,7.53649415,0,0
RDBECOLIPMC00474,amiA,b2435,sigma70,gtgaacggtcgaattagccaatatctgacgaaaatcggttgaaaaagtggcataatggggAgttgtcaactattgaaatga,S,CTGACGAAAATCGGTTGAAAAAGTGGCATAAT,0.0,1.0,6.51591,0,0
RDBECOLIPMC00475,hemF,b2436,sigma70,ccacagcgattgctgaaggcgtgatcagttatttccactggttcgacaaccagaaagcacAttcgaaaaagcgataagtta,S,TTATTTCCACTGGTTCGACAACCAGAAA,1.0,1.0,5.3752572999999995,0,2
RDBECOLIPMC03687,rep,b3778,sigma70,cagccaaccggttagcggcttacacgcggtcacattcaaatgcgattctgctacaatcctCcccccgttcgaagattgagc,S,GTCACATTCAAATGCGATTCTGCTACAAT,0.0,1.0,5.2925901,0,2
RDBECOLIPMC03461,pck,b3403,sigma70,gatttaaccttttgagaacattttccacacctaaaatgctatttctgcgataatagcaacCgtttcgtgacaggaatcacg,W,TTTCCACACCTAAAATGCTATTTCTGCGATAAT,1.0,0.0,7.144405300000001,0,0
RDBECOLIPMC03050,ycaR,b0917,sigma70,tgattgccgcaccggctgggaaatagaccccgtcgcataaatgattatgataagatttatGcattcataacccgatccatc,S,ATAGACCCCGTCGCATAAATGATTATGAT,0.0,0.0,6.463053,0,0
RDBECOLIPMC03618,gnd,b2029,sigma70,aagcatataagcatggataagctatttatactttaataagtactttgtatacttatttgcGaacattccaggccgcgagca,S,TTTATACTTTAATAAGTACTTTGTATACT,1.0,1.0,9.8725105,0,1
RDBECOLIPMC03123,prlF,b3129,sigma70,agcccccacgtccattaataatgcatttgcattaccttagttcaagcttataatttgagcAgaaaacaggctgtaaaagga,W,TTGCATTACCTTAGTTCAAGCTTATAAT,1.0,0.0,6.56444955,0,0
RDBECOLIPMC03373,phoA,b0383,sigma70,aaagttaatcttttcaacagctgtcataaagttgtcacggccgagacttatagtcgctttGtttttattttttaatgtatt,W,ATAAAGTTGTCACGGCCGAGACTTATAGT,1.0,0.0,4.32860335,0,2
RDBECOLIPMC00322,rraB,b4255,sigma70,tggctaacgcctcaatgaattaaaattcaatttatatggatgattattcatttgcaagtcTaaagcataaatctttgtcac,S,TTAAAATTCAATTTATATGGATGATTATTCA,0.0,0.0,9.2459995,0,1
RDBECOLIPMC03414,fabA,b0954,sigma70,actggtttattccgaactgatcggacttgttcagcgtacacgtgttagctatcctgcgtgCttcaataaaataaggcttac,W,TTGTTCAGCGTACACGTGTTAGCTATCCT,1.0,1.0,9.573388999999999,0,1
RDBECOLIPMC00287,waaY,b3625,sigma70,aactaaaccgtggcacaaatgggcaatttatccatcggtaaaatactataaaatagctttAgaaaattccccctggaaaga,S,TGGGCAATTTATCCATCGGTAAAATACTATAAA,1.0,0.0,6.184184999999999,0,0
RDBECOLIPMC02439,fumC,b1611,sigma70,gggcggtttttttacatggcacgaaagaccaaacatttgttatcaaatggtaaataataaGtgagctaaaagttgcttaac,W,GACCAAACATTTGTTATCAAATGGTAAAT,1.0,1.0,5.41325185,0,2
RDBECOLIPMC03427,fumA,b1612,sigma70,caaaaagtcgtactagtctcagtttttgttaaaaaagtgtgtaggatattgttactcgctTttaacagggcaacggaacac,S,TTGTTAAAAAAGTGTGTAGGATATTGT,1.0,1.0,7.3036315,0,0
RDBECOLIPMC03818,mprA,b2684,sigma70,gaatcatttttctaaaacaatacatttactttatttgtcactgtcgttactatatcggctGaaattaatgaggtcataccc,S,TTTACTTTATTTGTCACTGTCGTTACTAT,0.0,1.0,8.3724405,0,0
RDBECOLIPMC03000,bolA,b0435,sigma70,ctggtaaaagaaacactgatgcgaggcctgtgtttcaatctttaaatcagtaaacttcatAcgcttgacggaaaaaccagg,S,GTGTTTCAATCTTTAAATCAGTAAACT,1.0,1.0,8.84962925,0,1
RDBECOLIPMC03380,pyrC,b1062,sigma70,cgcattcgcgccctttatttttcgtgcaaaggaaaacgtttccgcttatcctttgtgtccGgcaaaaacatcccttcagcc,S,TTTCGTGCAAAGGAAAACGTTTCCGCTTATCCT,0.0,1.0,8.312957,0,0
RDBECOLIPMC03320,argC,b3958,sigma70,aatggcggtaatttgtttttcattgttgacacacctctggtcatgatagtatcaatattcAtgcagtatttatgaataaaa,S,TTGACACACCTCTGGTCATGATAGTAT,0.0,1.0,7.2486985,0,0
RDBECOLIPMC00218,gpt,b0238,sigma70,taaaaagacgcggactcatgtgaaatactggtttttagtgcgccagatctctataatctcGcgcaacctattttcccctcg,W,ATACTGGTTTTTAGTGCGCCAGATCTCTATAAT,0.0,1.0,7.7681805,0,0
RDBECOLIPMC02759,znuC,b1858,sigma70,tatgtaacataatgcgaccaataatcgtaatgaatatgagaagtgtgatattataacattTcatgactactgcaagactaa,S,ATCGTAATGAATATGAGAAGTGTGATATTAT,1.0,1.0,5.66226745,0,2
RDBECOLIPMC03012,hemH,b0475,sigma70,tgatttgacctctcacagcaattagttcttcttcctcacttttccgctacaattatcaacAagttgaatcgataagaggcg,S,TTAGTTCTTCTTCCTCACTTTTCCGCTACAAT,1.0,1.0,5.0373485,0,2
RDBECOLIPMC00241,cho,b1741,sigma70,gtaacctttgtcatcgacccgcctcttttttaatcgcttcccgcctgttacactggatagAtaaccagcattcggagtcaa,W,TTTTAATCGCTTCCCGCCTGTTACACT,0.0,1.0,4.4158458,0,2
RDBECOLIPMC01295,add,b1623,sigma70,aacgtaaaaaatcgttgcgcaatcgtggatttttaccctgctttgtttttataatggtgcGcacttttatatccagaaaaa,W,GTGGATTTTTACCCTGCTTTGTTTTTATAAT,1.0,0.0,5.23683115,0,2
RDBECOLIPMC02429,patZ,b2584,sigma70,aaaacgcaacatctgggtagcatcacagcagaacagttagaaagcgtttaaaatcattcgGtcacttctgcgggagaccgg,W,,1.0,0.0,5.15575235,0,2
RDBECOLIPMC03047,iraP,b0382,sigma70,gctggtaatcaaacaaaaaatatttgcgcaaagtatttcctttgtcataaaaataatactTccagacactatgaagttgtg,S,TGCGCAAAGTATTTCCTTTGTCATAAAAATAAT,1.0,1.0,7.5811685,0,0
RDBECOLIPMC02867,yhhY,b3441,sigma70,caacactttttgcaaaaaaatgcatttgactcgcatttgaaagtcaatgatgttgaaaggGacatttaccccaaagaggac,W,ATGCATTTGACTCGCATTTGAAAGTCAATGAT,1.0,0.0,4.5055194,0,2
RDBECOLIPMC00416,gor,b3500,sigma70,aactggcggtactgccagacagcgatcgccgtggcatgaccgcttccggcatgattgtgaTtaacccgccgtggaaactgg,W,ATCGCCGTGGCATGACCGCTTCCGGCATGAT,1.0,1.0,7.21069265,0,0
RDBECOLIPMC03604,gdhA,b1761,sigma70,ctttcctgggtcatttttttcttgcttaccgtcacattcttgatggtatagtcgaaaactGcaaaagcacatgacataaac,C,TTGCTTACCGTCACATTCTTGATGGTATAGT,1.0,1.0,9.8039045,0,1
RDBECOLIPMC03393,uvrD,b3813,sigma70,tactgccgcatctggaaatttcccggttggcatctctgacctcgctgatataatcagcaaAtctgtatatatacccagctt,S,TTGGCATCTCTGACCTCGCTGATATAAT,0.0,1.0,6.1005257,0,0
RDBECOLIPMC03055,mtn,b0159,sigma70,gtgccatgtcctctcccgcgtgagaaatacgcttccccgtaagcgcatggtaaactatgcCttcaaatcgggcttatcgcg,S,ATACGCTTCCCCGTAAGCGCATGGTAAACT,1.0,0.0,8.1725445,0,0
RDBECOLIPMC00392,ptsG,b1101,sigma70,atccgttgaatgagtttttttaaagctcgtaattaatggctaaaacgagtaaagttcaccGccgaaaattgggcggtgaat,S,,1.0,1.0,9.494211499999999,0,1
RDBECOLIPMC03530,soxS,b4062,sigma70,taatttcttttccataaatcgctttacctcaagttaacttgaggaattatactccccaacAgatgaattaacgaactgaac,S,TTACCTCAAGTTAACTTGAGGAATTATACT,1.0,1.0,6.0960752,0,0
RDBECOLIPMC02569,malY,b1622,sigma70,cgtttgtctgtgaaagatatgtcgcttgttaatgtgcaggcactgaaggacaatcgggcaAttggcgtagtacaacttaat,S,TTGTTAATGTGCAGGCACTGAAGGACAAT,1.0,1.0,5.3189404,0,2
RDBECOLIPMC03452,malX,b1621,sigma70,tcgttgcgtaatgtgatttatgcctcactaaaatttgataaaacgttttatcttctcgcgCaatttactgaatccagattg,S,CTAAAATTTGATAAAACGTTTTATCTT,1.0,1.0,2.8886995,0,2
RDBECOLIPMC00258,dgcT,b1025,sigma70,ttgtttgtgggcggaatttcatattgacaacagtacagttcttatatctattaataatagAaagggatctacaacctacag,S,TTGACAACAGTACAGTTCTTATATCTATTAA,0.0,1.0,3.29746725,0,2
RDBECOLIPMC03514,pncB,b0931,sigma70,aaaggtggcatatggtgtgatcggggttcaataaattgcgaaacaaggtatactccagcaGttcctgaagatgtttattgt,S,TTCAATAAATTGCGAAACAAGGTATACT,1.0,1.0,8.297761999999999,0,0
RDBECOLIPMC02595,lpxT,b2174,sigma70,atgccttgcagagcgcgctgttgaagcttcgtttagcgactaccgcgtaaggttgcctgcGtttttcagtaagataattag,S,,0.0,1.0,5.18726995,0,2
RDBECOLIPMC03947,arsR,b3501,sigma70,cattcgttaagtcatatatgtttttgacttatccgcttcgaagagagacactacctgcaaCaatcaggagcgcaatatgtc,S,TTGACTTATCCGCTTCGAAGAGAGACACT,0.0,1.0,3.2429077,0,2
RDBECOLIPMC00363,casA,b2760,sigma70,tttctttaataataaaacgaataacttgcagatttgaaatgcatgcattattgtctttaaAcaattcaacacatcttaata,S,TTGCAGATTTGAAATGCATGCATTATTGT,1.0,1.0,1.69124915,0,2
RDBECOLIPMC03389,trpR,b4393,sigma70,gccacggaatggggacgtcgttactgatccgcacgtttatgatatgctatcgtactctttAgcgagtacaaccgggggagg,C,TTACTGATCCGCACGTTTATGATATGCTATCGT,0.0,1.0,6.6594062,0,0
RDBECOLIPMC03709,ampC,b4150,sigma70,tacggtctggctgctatcctgacagttgtcacgctgattggtgtcgttacaatctaacgcAtcgccaatgtaaatccggcc,W,TTGTCACGCTGATTGGTGTCGTTACAAT,0.0,0.0,4.295685649999999,0,2
RDBECOLIPMC02612,rbn,b2268,sigma70,gcagatcttgccattcaatcataatgctctccttttagatgtatgccttatactagccggAatattttttgaaacgtgatg,S,TGCTCTCCTTTTAGATGTATGCCTTATACT,1.0,0.0,5.1004577,0,2
RDBECOLIPMC00345,eptB,b3546,sigma70,tttgtgcttcatgcacactctttccccacactttttccctttgctgtggtctacttattcGcgcgtgtagattttacttat,S,CTTTTTCCCTTTGCTGTGGTCTACTTA,1.0,1.0,4.5072697999999995,0,2
RDBECOLIPMC00386,srkA,b3859,sigma70,aagagtaaaagcttgtaagcggcgccaccaaaatcatcgtgaaatgatatccttcgtcatTcgtaatgttttccggatgat,S,CGCCACCAAAATCATCGTGAAATGATATCCT,1.0,0.0,6.86027785,0,0
RDBECOLIPMC00387,dsbA,b3860,sigma70,ttactggctgcgacagacggcgacttttatagaacaggcaaaagttctacaagaacccccTttgcaattaacacctatgta,S,TTTATAGAACAGGCAAAAGTTCTACAAG,1.0,1.0,8.581506000000001,0,1
RDBECOLIPMC03466,nupC,b2393,sigma70,acgtcattatagtgtgtgtcagatctcgttttccttaaccatgttacatagaatgtgcacGgaaatttaacctgcctcata,S,ATCTCGTTTTCCTTAACCATGTTACATAGAAT,1.0,1.0,7.14117975,0,0
RDBECOLIPMC03613,uvrC,b1913,sigma70,gaaaaaacagaaagcccatttgccagtttgtctgaacgtgaattgcagattatgctgatgAtcaccaagggccagaaggtc,S,TTGTCTGAACGTGAATTGCAGATTATGCT,0.0,1.0,6.529643350000001,0,0
RDBECOLIPMC03614,uvrY,b1914,sigma70,aaaatcgaatacccaccatttttaacgtttcaaagttgcaataaaaaccgctaatatacgAatgactaactatcagtagcg,S,TTCAAAGTTGCAATAAAAACCGCTAATAT,1.0,1.0,7.569354,0,0
RDBECOLIPMC02523,rplY,b2185,sigma70,attacgcggttaatggtagttttgattgatgtataaggcgattgagtatagaatctcgccCgcttttgcatacgcaaagca,W,TTGATGTATAAGGCGATTGAGTATAGAAT,0.0,1.0,10.6590315,0,1
RDBECOLIPMC00264,yefM,b2017,sigma70,ccttgatctacaaactaattaataaatagttaattaacgctcatcattgtacaatgaactGtacaaaagaggagattgaca,S,GTTAATTAACGCTCATCATTGTACAAT,0.0,1.0,7.0448648,0,0
RDBECOLIPMC03506,malI,b1620,sigma70,aaattttagtgaggcataaatcacattacgcaacgataatagcgggtataagataaataaAaggtaaaacgttttatctgt,S,ATTACGCAACGATAATAGCGGGTATAAGAT,0.0,1.0,3.8621637499999997,0,2
RDBECOLIPMC02517,yhjR,b3535,sigma70,gaaagctaagaaataaacctaccattgaaattaaaacttatcagatttagcatgtgaatcAatttagaaggtcacaagacg,S,TTGAAATTAAAACTTATCAGATTTAGCAT,1.0,0.0,6.4436364,0,0
RDBECOLIPMC00457,metN,b0199,sigma70,aaagtgctcttcgcataaacctgattgatttagacgtctggatgccttaacatccatttcAttgacggcgttgcccgtttc,W,TTGATTTAGACGTCTGGATGCCTTAACAT,1.0,1.0,7.67638015,0,0
RDBECOLIPMC00259,folE,b2153,sigma70,cgtggctccttgttgtgttgtttgcaatttcttcatcataccgtttattcaatgtgctgtGagtaactttcacttccgtat,W,TTGCAATTTCTTCATCATACCGTTTATTCA,0.0,1.0,9.761086500000001,0,1
RDBECOLIPMC03490,gcvA,b2808,sigma70,aagtgccgccactataggtatttgctggtagaagctcaacggacaatttataatggctcaGattaaaaaaactaataggtt,S,TTGCTGGTAGAAGCTCAACGGACAATTTATAAT,0.0,1.0,5.78272065,0,2
RDBECOLIPMC00443,iscR,b2531,sigma70,cgactaaatcagtcaagtaaatagttgaccaatttactcgggaatgtcagacttgaccctGctatgcaatacccccacttt,S,TTGACCAATTTACTCGGGAATGTCAGACT,0.0,1.0,8.8249955,0,1
RDBECOLIPMC00439,cysG,b3368,sigma70,tgggtaatactttatcaggtgccgtattcatgggattgggttattggtatgctacgccgaAagcgaatcgtccggttgcgg,C,TTCATGGGATTGGGTTATTGGTATGCT,1.0,1.0,5.45318055,0,2
RDBECOLIPMC03555,proS,b0194,sigma70,aaccgcgttaaattcacgcccttctcttttgacatttcttttgcactggtaaactaaatcActtttttttgtcccaggctc,S,TTGACATTTCTTTTGCACTGGTAAACT,0.0,0.0,8.526156,0,0
RDBECOLIPMC03474,proP,b4111,sigma70,tcctaaacgaaatccatgtgtgaagttgatcacaaatttaaacactggtagggtaaaaagGtcattaactgcccaattcag,S,ATCACAAATTTAAACACTGGTAGGGTAAAAA,1.0,0.0,7.87188175,0,0
RDBECOLIPMC03597,sodB,b1656,sigma70,ttgttacggcaacagggtaagttcatcttttgtctcaccttttaatttgctaccctatccAtacgcacaataaggctattg,C,TTGTCTCACCTTTTAATTTGCTACCCT,0.0,1.0,9.3045065,0,1
RDBECOLIPMC00237,yebG,b1848,sigma70,gtctttattgctgatgttgatttctcaaccgaaaagaaatatactgtataaaatcacagtTattatgagaggctgcaaatg,W,TTCTCAACCGAAAAGAAATATACTGTATAAA,0.0,1.0,6.786706499999999,0,0
RDBECOLIPMC02422,azoR,b1412,sigma70,gaacataggcttcgatttattgcgctatctctgtggcaggattgtgaataaagtgtcaacAagcaacggggcatcgcccat,S,ATCTCTGTGGCAGGATTGTGAATAAAGT,0.0,0.0,6.493012,0,0
RDBECOLIPMC03703,btuB,b3966,sigma70,gaattcctatttgtgagctacgtctggacagtaacttgttacaacctgtagcatccacttGccggtcctgtgagttaatag,S,TGGACAGTAACTTGTTACAACCTGTAGCAT,0.0,1.0,6.4914775,0,0
RDBECOLIPMC03429,gltA,b0720,sigma70,aatcattcaacaaagttgttacaaacattaccaggaaaagcatataatgcgtaaaagttaTgaagtcggtatttcacctaa,S,TTACCAGGAAAAGCATATAATGCGTAAAAG,1.0,1.0,10.251717,0,1
RDBECOLIPMC03415,mtr,b3161,sigma70,tttttaccatcggggctttttttctgtcttttgtactcgtgtactggtacagtgcaatgcAtaacaacgcagtcgcactat,S,TTTCTGTCTTTTGTACTCGTGTACTGGTACAGT,1.0,1.0,4.5177475000000005,0,2
RDBECOLIPMC00432,pth,b1204,sigma70,tatctgcatttgatacgcagttttttgtcaagcggggccgcaaccagtaaactacgcgccAgttatgtacacactcaggac,S,TTGTCAAGCGGGGCCGCAACCAGTAAACT,0.0,1.0,6.3682642000000005,0,0
RDBECOLIPMC00433,ychF,b1203,sigma70,ttaaagcgcaataagtcgttgtctgcggcatttttgccgagtgccgtgtataataggcaaAgttatttccatttctgcaat,S,CTGCGGCATTTTTGCCGAGTGCCGTGTATAAT,0.0,1.0,7.5983655,0,0
RDBECOLIPMC02777,idnR,b4264,sigma70,gctgggcgtgttagccattaacgccgtattgcactgaaagaataaaatattgtgatgtagTttcgggggaagattgaagat,W,TTGCACTGAAAGAATAAAATATTGTGAT,1.0,1.0,4.9242496,0,2
RDBECOLIPMC03807,corA,b3816,sigma70,gttctgtggtgttctgttgcgtgttgacggcaaaattttgctggcgtaacatgcgcgcacGatcactctaagaggacattc,W,TTGACGGCAAAATTTTGCTGGCGTAACAT,0.0,0.0,6.806289,0,0
RDBECOLIPMC03316,aceB,b4014,sigma70,tatttttaattaaaatggaaattgtttttgattttgcattttaaatgagtagtcttagttGtgctgaacgaaaagagcaca,S,TTGATTTTGCATTTTAAATGAGTAGTCT,1.0,1.0,10.1789895,0,1
RDBECOLIPMC03377,purL,b2557,sigma70,gtgattttatttccacgcaaacggtttcgtcagcgcatcagattctttataatgacgcccGtttcccccccttgggtacac,S,TTTCGTCAGCGCATCAGATTCTTTATAAT,0.0,1.0,7.7061953,0,0
RDBECOLIPMC03115,umpG,b2744,sigma70,gatcgcaataaacggagtttttggttgtcggcagcccgcagtgcgttgtttaatcagattGttgctgagcgcctcaaaaaa,S,TTGTCGGCAGCCCGCAGTGCGTTGTTTAATCAG,0.0,0.0,6.7941756,0,0
RDBECOLIPMC03382,recA,b2699,sigma70,cttgtggcaacaatttctacaaaacacttgatactgtatgagcatacagtataattgcttCaacagaacatattgactatc,S,TTGATACTGTATGAGCATACAGTATAAT,0.0,1.0,8.508003500000001,0,0
RDBECOLIPMC03625,ptsH,b2415,sigma70,caaagctgaatcgattttatgatttggttcaattcttcctttagcggcataatgtttaatGacgtacgaaacgtcagcggt,S,TTCAATTCTTCCTTTAGCGGCATAATGT,1.0,1.0,11.2041135,0,1
RDBECOLIPMC03114,dcuR,b4124,sigma70,acgatcccacgaatttatgaataaattgcatgtgattctcggattattgcatctgaagagTtataagcagttggaagatta,S,TGAATAAATTGCATGTGATTCTCGGATTATTGC,1.0,1.0,5.173711300000001,0,2
RDBECOLIPMC02931,dcuS,b4125,sigma70,atatagccaatcattcttactccctttgaattacccgcctcatcagagataatgcttaagAaatttgtcacacaaggaagc,S,TTGAATTACCCGCCTCATCAGAGATAAT,1.0,1.0,4.819914600000001,0,2
RDBECOLIPMC00205,rpsF,b4200,sigma70,aggggagatttatttcggctctgcccttgagtttagcgaggcatacaagtactataacgcGtcatttttcagccgaccttt,W,,1.0,1.0,11.696793499999998,0,1
RDBECOLIPMC03326,aroG,b0754,sigma70,taatccgttcatagtgtaaaaccccgtttacacattctgacggaagatatagattggaagTattgcattcactaagataag,C,TTTACACATTCTGACGGAAGATATAGATT,1.0,1.0,9.611429000000001,0,1
RDBECOLIPMC03095,symE,b4347,sigma70,ttgcccattttattctatttttagctggactttccccatatttactgatgatatatacagGtatttagcgcggtgcggatg,W,TTCCCCATATTTACTGATGATATATACA,0.0,1.0,2.9896177,0,2
RDBECOLIPMC02529,lgt,b2828,sigma70,tcatatacatatcttttaacggtatccggcaaccagccaggtccccttgtgctattattcGcacctttggagcgcctgaaa,S,,0.0,0.0,6.75400285,0,0
RDBECOLIPMC02530,thyA,b2827,sigma70,gttgagtttttccgccagcccgacgcgcagtttaccggtgcctgggtgcagtacatcagcAtggggcaaattctttccatc,S,TTTACCGGTGCCTGGGTGCAGTACATC,0.0,0.0,7.295131,0,0
RDBECOLIPMC02539,hemB,b0369,sigma70,tgtcaacatcgcgacaactttcgtaaaacatccctaccctgcttcaggtatactatgcccCtcgattccacaaacatcagg,S,GTAAAACATCCCTACCCTGCTTCAGGTATACT,0.0,1.0,7.2226440499999995,0,0
RDBECOLIPMC00519,adeD,b3665,sigma70,ttcagtgataattatcacatttcaattgcacattaatggatattctttaataatctcgcgAcgtttctttatgataaataa,S,TTGCACATTAATGGATATTCTTTAATAAT,0.0,1.0,3.3283071499999997,0,2
RDBECOLIPMC03899,torR,b0995,sigma70,aatgagcaaatatgaacagcggcactggtcaggatgaacggcttacggcagaatatgaacAgatatgaacagaatgagtaa,S,TGGTCAGGATGAACGGCTTACGGCAGAAT,0.0,1.0,4.75440125,0,2
RDBECOLIPMC03522,prs,b1207,sigma70,tcgcaagaaaacgttttcgcgaggttgatgcggtgctttcctggctgttagaatacgcccCgtcgcgcctgactgggacag,S,TTGATGCGGTGCTTTCCTGGCTGTTAGAAT,0.0,1.0,9.585795749999999,0,1
RDBECOLIPMC03933,acnB,b0118,sigma70,tttatgttgcttttttgtaaacagattaacacctcgtcaaaatcctgctattctgcccgtTgcggtactgggcatttaccc,S,TTAACACCTCGTCAAAATCCTGCTATTCT,1.0,1.0,9.769538,0,1
RDBECOLIPMC03983,acpP,b1094,sigma70,atcgtggtaagacctgccgggatttagttgcaaatttttcaacattttatacactacgaaAaccatcgcgaaagcgagttt,S,,1.0,0.0,12.8823685,0,1
RDBECOLIPMC02503,plsX,b1090,sigma70,ggccgcaaggtcatcgctaagtaatcacgcatctgcgtgatgaagcttagtgaggattttCcccaggcaactggggaaaga,S,ATCACGCATCTGCGTGATGAAGCTTAGTGA,0.0,0.0,7.90995135,0,0
RDBECOLIPMC02508,secB,b3609,sigma70,acagcacattggcggctgtgatgacttgtatgcattggatgcacgtggtggactggatccCctgctgaaataacgtgtgaa,S,TTGTATGCATTGGATGCACGTGGTGGACTGG,1.0,0.0,9.71884,0,1
RDBECOLIPMC02509,yibN,b3611,sigma70,acaacctcatactcaagagtcaaaatttgcgtaattttactacagctgaatcgataaaatAgcctctgaagatcaaaatat,S,TTGCGTAATTTTACTACAGCTGAATCGATA,1.0,0.0,8.7379475,0,1
RDBECOLIPMC02212,tatA,b3836,sigma70,tggcgcaaaacacgctgattttttcatcgctcaaggcgggccgtgtaacgtataatgcggCtttgtttaatcatcatctac,W,,0.0,0.0,8.87487425,0,1
RDBECOLIPMC02452,nagE,b0679,sigma70,actcacaaaagacacgcgtttaatttgcgatacgaattaaattttcacacactctgtagcAgatgatctaacaatctgatt,S,TTGCGATACGAATTAAATTTTCACACACT,0.0,1.0,5.943355,0,0
RDBECOLIPMC03881,cdd,b2143,sigma70,gcataattaatgagattcagatcacatataaagccacaacgggttcgtaaactgttatccCattacatgattatgaggcaa,S,ATCACATATAAAGCCACAACGGGTTCGTAAACT,0.0,1.0,5.446022,0,2
RDBECOLIPMC03032,hslJ,b1379,sigma70,ctgcattccaggggagctgattcagataatccccaatgacctttcatcctctattcttaaAatagtcctgagtcagaaact,S,ATAATCCCCAATGACCTTTCATCCTCTATTCT,0.0,1.0,5.351194850000001,0,2
RDBECOLIPMC03527,rhaT,b3907,sigma70,atcgacaacggcggcaacaggcgaaaggttaatcgacagcacgatttttacactcatctcGtcggagatgtgacgcgacga,S,GTTAATCGACAGCACGATTTTTACACT,1.0,1.0,2.4578044500000003,0,2
RDBECOLIPMC00060,bluR,b1162,sigma70,tcatccaatttagctgaaatcttatttatactttgtacaattttagcgtatattgtacaaAgtattattgggtcgtgtaca,S,TTTATACTTTGTACAATTTTAGCGTATATT,1.0,0.0,7.0038464000000005,0,0
RDBECOLIPMC02502,sxy,b0959,sigma70,gtgacgggaaaacataaattaatcttgccccttaagaataagttgcctattttcgtagttAacggatccgttaatgtgaat,S,TTGCCCCTTAAGAATAAGTTGCCTATTTT,1.0,0.0,4.78381255,0,2
RDBECOLIPMC03511,glyA,b2551,sigma70,cgtttgcgtaaattcctttgtcaagacctgttatcgcacaatgattcggttatactgttcGccgttgtccaacaggaccgc,C,CTGTTATCGCACAATGATTCGGTTATACT,0.0,1.0,10.6196705,0,1
RDBECOLIPMC00268,gmk,b3648,sigma70,tgcgcaaaaagtgtgagcaagggctacgtcacatggccgcgccgtgtataataagctcgtAtgtaggctttatttcgctaa,W,CTACGTCACATGGCCGCGCCGTGTATAAT,1.0,0.0,8.424709499999999,0,0
RDBECOLIPMC03109,nrdR,b0413,sigma70,ctttatctcaaaagcgttgcgcctttgttgtatcgtcagttcagggtaaaatagatttccGttaaccacctggtcaggacg,W,TTGTTGTATCGTCAGTTCAGGGTAAAAT,0.0,0.0,7.1828523,0,0
RDBECOLIPMC02594,aroM,b0390,sigma70,tgtcatttgtagcacaagtaagtgtcagcagtggtgcttcacacttgcccggtaattaacGacgaaagaaaagtaaggtgg,S,TCAGCAGTGGTGCTTCACACTTGCCCGGTAAT,1.0,1.0,5.6832645,0,2
RDBECOLIPMC03328,aroL,b0388,sigma70,taaatgtaatttattatttacacttcattcttgaatatttattggtatagtaaggggtgtAttgagattttcactttaagt,S,TTCATTCTTGAATATTTATTGGTATAGT,0.0,1.0,7.9270945,0,0
RDBECOLIPMC02821,agaR,b3131,sigma70,agcttgcgtcaatgggcaaggtgggcttgcatttgcttaatagaaaggcgttaataggcaAaacgaaatgaaacgaaagtt,S,TTGCTTAATAGAAAGGCGTTAATAGGCA,0.0,1.0,6.5183754,0,0
RDBECOLIPMC03272,yoaE,b1816,sigma70,ttcgtttgcaaaggaaggtaaatctttgccaaatcagaggcgtctctgatatgtttaactCccgtttaacaaccatggagt,S,TTGCCAAATCAGAGGCGTCTCTGATATGTT,0.0,0.0,5.45709375,0,2
RDBECOLIPMC00011,qseB,b3025,sigma70,agggaaaaaaataaaatttagtgctgtacagagcgcgttacaacacggtttactggcagcAaatacggttatcgcagggat,S,CTGTACAGAGCGCGTTACAACACGGTTTACTGG,1.0,1.0,3.6659462,0,2
RDBECOLIPMC03083,sgrR,b0069,sigma70,aactgacgcatggggcacccccttgcttcatcgttaggaattattgacttaatatagggaAaataaaattgctgtcttttg,W,TTGCTTCATCGTTAGGAATTATTGACTTAATAT,1.0,1.0,4.353636,0,2
RDBECOLIPMC02515,gfcA,b0987,sigma70,ttcgtaacaatttccttatctttaatttgtattttgctaagatttatcttatgctcacaaGtcgtatttccagagggggat,S,TTGTATTTTGCTAAGATTTATCTTATGCT,0.0,1.0,3.30496665,0,2
RDBECOLIPMC02518,panD,b0131,sigma70,gctgacgcaaatgccgtcagatgagtagacactaaacaaaaatcgggcaatactgcgtgaGaatttcctcaaagcaggcat,S,TAGACACTAAACAAAAATCGGGCAATACT,0.0,1.0,9.116409,0,1
RDBECOLIPMC02516,bcsE,b3536,sigma70,gataagttttaatttcaatggtaggtttatttcttagctttcgctagtaaactgataatcAgacaaaatggtgacatgagg,S,TTTATTTCTTAGCTTTCGCTAGTAAACT,0.0,0.0,6.79537575,0,0
RDBECOLIPMC03463,cynR,b0338,sigma70,aggcagactactcgccgattgtcataaggtaaaagtctcatttatgatgagttccattggAtttacttataggttgcgaat,S,GTAAAAGTCTCATTTATGATGAGTTCCATTGG,0.0,1.0,3.55784045,0,2
RDBECOLIPMC00383,pyrH,b0171,sigma70,atcttgtaaattcagctaacccttgtggggctgcgctgaaaagcgacgtacaatgtcgctAgtattaattcatttcaatcg,S,TTGTGGGGCTGCGCTGAAAAGCGACGTACAAT,0.0,0.0,8.051135,0,0
RDBECOLIPMC00393,grcA,b2579,sigma70,tgtgtggtttttattgatttaaatcaaagattcaagggtgtttgaggagtatatatacacTcaagcaacaatggttttacc,C,,1.0,1.0,9.555505,0,1
RDBECOLIPMC02937,bcsB,b3532,sigma70,agggcatattccgtgtgctgacttctctggtttcctgggttgtatcgtttattccgcgccGcccggagcggagcgaaacgg,W,TTCTCTGGTTTCCTGGGTTGTATCGTTTATTCC,1.0,0.0,3.1603651,0,2
RDBECOLIPMC02954,ascF,b2715,sigma70,ataaaaaatgaacaattcactctcttgcttatttagtgacaactattcatgattttgtgaAaccggtttcttaattccgtt,S,TTGCTTATTTAGTGACAACTATTCATGAT,1.0,1.0,2.7489473,0,2
RDBECOLIPMC00339,greA,b3181,sigma70,acggcgcaacgccctataaagtaaacgatgacccttcgggaacttcagggtaaaatgactAtcaaaatgtgaattgtagct,S,ATGACCCTTCGGGAACTTCAGGGTAAAAT,0.0,0.0,7.61461905,0,0
RDBECOLIPMC00005,recC,b2822,sigma70,tgccaactggcaggtcaaccgaatgcagacatcgcaggcgggatgtgtcagcatcagcgtTacgctagtttcacccggggg,S,CAGACATCGCAGGCGGGATGTGTCAGCAT,1.0,0.0,5.070282349999999,0,2
RDBECOLIPMC02513,yfiR,b2603,sigma70,cattgtgttttatttctcacattgatgacggtcgcatgaaaaaatgatattttaatgagcAttctgaaaaaatatcgatgc,S,ATGACGGTCGCATGAAAAAATGATATTTT,0.0,1.0,4.9581425,0,2
RDBECOLIPMC03324,argR,b3237,sigma70,ttcagccttcttcagggctgactgtttgcataaaaattcatctgtatgcacaataatgttGtatcaaccaccatatcgggt,S,TTGCATAAAAATTCATCTGTATGCACAATAAT,1.0,1.0,7.7465129,0,0
RDBECOLIPMC00121,glk,b2388,sigma70,cctttccggcgttgttgttatgcccccaggtatttacagtgtgagaaagaattattttgaCtttagcggagcagttgaaga,W,,0.0,1.0,6.208117,0,0
RDBECOLIPMC02578,mngB,b0732,sigma70,cggcctttcgacacccggtgccggcattttctcgctctttttacttcatgataatggcgcGggcggtgttatggcggcaat,S,,0.0,1.0,3.0648352,0,2
RDBECOLIPMC03359,malP,b3417,sigma70,tccctgcctaatcccccgcaggatgaggaaggtcaacatcgagcctggcaaactagcgatAacgttgtgttgaaaatctaa,W,ATGAGGAAGGTCAACATCGAGCCTGGCAAACT,1.0,0.0,6.39644725,0,0
RDBECOLIPMC03400,cysK,b2414,sigma70,gtatatagatatgctaaatccttacttccgcatattctctgagcgggtatgctacctgttGtatcccaatttcatacagtt,S,TTACTTCCGCATATTCTCTGAGCGGGTATGCT,1.0,0.0,11.5398535,0,1
RDBECOLIPMC03369,ompA,b0957,sigma70,tttttttcatatgcctgacggagttcacacttgtaagttttcaactacgttgtagactttAcatcgccaggggtgctcggc,S,TTGTAAGTTTTCAACTACGTTGTAGACT,1.0,1.0,13.454511,0,1
RDBECOLIPMC03592,hemA,b1210,sigma70,attactccaaaagggggcgctctcttttattgatcttacgcatcctgtatgatgcaagcaGactaaccctatcaacgttgg,S,TTTATTGATCTTACGCATCCTGTATGAT,1.0,1.0,6.4008747,0,0
RDBECOLIPMC00274,fadR,b1187,sigma70,atccctttttcttctttttgtctgctatcagcgtagttagccctctggtatgatgagtccAactttgttttgctgtgttat,S,CTGCTATCAGCGTAGTTAGCCCTCTGGTATGAT,1.0,1.0,6.8791483499999995,0,0
RDBECOLIPMC00296,dinB,b0231,sigma70,cgcgttaaatgctgaatctttacgcatttctcaaaccctgaaatcactgtatactttaccAgtgttgagaggtgagcaatg,W,TTCTCAAACCCTGAAATCACTGTATACT,0.0,1.0,4.168499,0,2
RDBECOLIPMC03207,yafN,b0232,sigma70,ttgcttgacccgcaaatggaaagacaactggtgctgggattatgatgtatactattatgtAtattctggtgtgcattatta,S,GTGCTGGGATTATGATGTATACTATTAT,0.0,1.0,4.6185054999999995,0,2
RDBECOLIPMC02565,fucU,b2804,sigma70,ggtatggcgtaggggaatttaacagcccggaagaagcccgcgcacagattcattatcagtAccgttatttctacccgcaaa,S,,1.0,0.0,5.92292435,0,0
RDBECOLIPMC03732,accB,b3255,sigma70,tgaaggttatttacatgttagctgttgattatcttccctgataagaccagtatttagctgCcaattgctacgaaatcgtta,S,TTGATTATCTTCCCTGATAAGACCAGTAT,1.0,1.0,9.609022,0,1
RDBECOLIPMC03224,rutR,b1013,sigma70,ccagtttttaaaaagttaatgttattaatctgttaacattacgttatctaaaatatctggTaaaaagtggactaaacggtc,S,TTATTAATCTGTTAACATTACGTTATCTAAAAT,0.0,1.0,4.6521215,0,2
RDBECOLIPMC04046,purU,b1232,sigma70,ggtgcaataattgaacgttcgcgatttttgaaagaaaacggtcaatggtactatattgacGgtacacgtccgcagtttggt,S,TTGAAAGAAAACGGTCAATGGTACTATATT,0.0,1.0,8.00859515,0,0
RDBECOLIPMC04028,serC,b0907,sigma70,ttactcattgcgatgtgtgtcactgaatgataaaaccgatagccacaggaataatgtattAcctgtggtcgcaatcgattg,S,ATGATAAAACCGATAGCCACAGGAATAAT,0.0,1.0,10.26815425,0,1
RDBECOLIPMC03145,ybeD,b0631,sigma70,cactggtttggttaaaaattaaacacttgaaagtgtaatttccgtccccatatactaagcAtcagtaaaaaactcccgcct,W,TTGAAAGTGTAATTTCCGTCCCCATATACT,0.0,0.0,8.000483500000001,0,0
RDBECOLIPMC02596,nei,b0714,sigma70,tcgcccgccgactacgctctgcatttgccgaaaaggggattgttgtcgcagcataaccccGattaataaagaatgaaaaaa,S,TTGCCGAAAAGGGGATTGTTGTCGCAGCATAAC,0.0,0.0,4.991662,0,2
RDBECOLIPMC03449,nupG,b2964,sigma70,tttgcaattatttgccacaggtaacaaaaaaccagtccgcgaagttgatagaatcccatcAtctcgcacggtcaaatgtgc,S,TAACAAAAAACCAGTCCGCGAAGTTGATAGAAT,0.0,1.0,4.371548000000001,0,2
RDBECOLIPMC02819,dinG,b0799,sigma70,ctgaaaaccgaaaaatgccacaatattggctgtttatacagtatttcaggttttctcatgGcattaaccgccgcgcttaaa,W,TTGGCTGTTTATACAGTATTTCAGGTT,0.0,1.0,4.1161597,0,2
RDBECOLIPMC03565,clpP,b0437,sigma70,accgtgcgaaaagcctctttcggtgttagcgtaacaacaaaagattgttatgcttgaaatAtggtgatgccgtacccataa,S,TTAGCGTAACAACAAAAGATTGTTATGCT,1.0,0.0,9.317854,0,1
RDBECOLIPMC03965,cmk,b0910,sigma70,aaactggtttttgcacacaacgttaacgatttgtggcgtcggcgcgtataatgcgcgcggTtatgttaacggtacgcctgt,S,TTAACGATTTGTGGCGTCGGCGCGTATAAT,0.0,0.0,8.626303,0,1
RDBECOLIPMC00454,ybjC,b0850,sigma70,ttaattgctaaaagctataactgttaaacacaatacagtgaaaagttttagactgaaggcTcactttgcagagggaagcgt,S,TTAAACACAATACAGTGAAAAGTTTTAGACT,1.0,1.0,5.31924,0,2
RDBECOLIPMC00455,rimK,b0852,sigma70,ctggagcgatcatatccgccgaacaatcattaaagaaagccgcccatttattctggattaTttgcacaaacagggttgggc,W,ATCATTAAAGAAAGCCGCCCATTTATTCT,1.0,1.0,5.354866250000001,0,2
RDBECOLIPMC01037,bhsA,b1112,sigma70,attaatgattgttataaaaaatatcttgtatgtgatccagatcacatctatcatttagttAtcgatcgttaagtaattgct,S,TTGTATGTGATCCAGATCACATCTATCAT,0.0,1.0,5.95254635,0,0
RDBECOLIPMC03075,hisJ,b2309,sigma70,atacgtctaacggggcgggatattttgccttgatggtcaattttatggcacgataagtgtAacaaacctgtaaatattccc,S,TTGCCTTGATGGTCAATTTTATGGCACGAT,1.0,1.0,9.0304865,0,1
RDBECOLIPMC00578,sixA,b2340,sigma70,cgtggggaaagtttttggaaaacaactgcaactgacctgcaataagaaggtcaaagctatAtgaatccgcgctgaatggcg,S,CTGCAACTGACCTGCAATAAGAAGGTCAAAGCT,0.0,0.0,7.996544,0,0
RDBECOLIPMC02890,acrD,b2470,sigma70,aaagtcagttaatgtaatgcctcctactgaccaaagaatacttgcacttaaggttcagtaTaaaagggcatgataatttac,W,CTGACCAAAGAATACTTGCACTTAAGGT,1.0,0.0,2.97540365,0,2
RDBECOLIPMC03736,osmY,b4376,sigma70,ttgcttatgttttcgctgatatcccgagcggtttcaaaattgtgatctatatttaacaaaGtgatgacatttctgacggcg,S,ATCCCGAGCGGTTTCAAAATTGTGATCTATATT,1.0,1.0,9.1296525,0,1
RDBECOLIPMC03030,ftnB,b1902,sigma70,atataaacttgatgatttaagcattttcttatacccgttcagacgttattcttatttcagAtcatcgtcagaattgactcc,S,TTTTCTTATACCCGTTCAGACGTTATTCT,1.0,0.0,5.99167515,0,0
RDBECOLIPMC00364,pfkA,b3916,sigma70,tactatttgcacattcgttggatcacttcgatgtgcaagaagacttccggcaacagatttCattttgcattccaaagttca,W,,1.0,1.0,9.04432675,0,1
RDBECOLIPMC03751,osmC,b1482,sigma70,gccggattttattcggaatatcctgcttatcctcgtgctgtttctcacgtagtctataatTtcctttttaagcccacagga,S,ATCCTCGTGCTGTTTCTCACGTAGTCTATAAT,1.0,1.0,9.006386500000001,0,1
RDBECOLIPMC00434,metK,b2942,sigma70,gattcaaaaaaaagtggaaatagggtgaagaattgacctaaaatagccatccagatgttaAtccatccataccgattaaca,S,TTGACCTAAAATAGCCATCCAGATGTT,0.0,1.0,9.785801,0,1
RDBECOLIPMC02902,artP,b0864,sigma70,ttttaacttttaaagcagaaatattgcataattattctgtcaaaggtactatcttcgaccTcaatagctatcagactgcca,S,TTGCATAATTATTCTGTCAAAGGTACTAT,0.0,1.0,7.3722811,0,0
RDBECOLIPMC03539,edd,b1851,sigma70,ttttacactttcaggcctcgtgcggattcacccacgaggctttttttattacactgactgAaacgtttttgccctatgagc,S,TTCACCCACGAGGCTTTTTTTATTACACT,1.0,1.0,5.5310095,0,2
RDBECOLIPMC03479,aspA,b4139,sigma70,accgacacttaaagtgatccagattacggtagaaatcctcaagcagcatatgatctcgggTattcggtcgatgcaggggat,S,TTACGGTAGAAATCCTCAAGCAGCATATGAT,1.0,1.0,6.204454999999999,0,0
RDBECOLIPMC04019,dcuA,b4138,sigma70,aagcgaacagtaatcgtacagggtagtacaaataaaaaaggcacgtcagatgacgtgcctTttttcttgtgagcagtaact,S,TAGTACAAATAAAAAAGGCACGTCAGAT,1.0,1.0,7.6580505,0,0
RDBECOLIPMC03958,rpsM,b3298,sigma70,aaggctgattttttcgcatatttttcttgcaaagttgggttgagctggctagattagccaGccaatcttttgtatgtctgt,C,TTGCAAAGTTGGGTTGAGCTGGCTAGATT,0.0,1.0,12.6851685,0,1
RDBECOLIPMC00504,rplU,b3186,sigma70,ttcttcgtgtattgactgtagcacttgtcaaaggcgtgcgttttgcgtaatattcgcgccCtattgtgaatatttatagcg,S,TTGTCAAAGGCGTGCGTTTTGCGTAATAT,1.0,1.0,11.858279,0,1
RDBECOLIPMC02784,uxaC,b3092,sigma70,gcaaggccagtactggcgcggcctgcagcgagatttaccactttgagagtaatttttttaActacgtttattgatctaact,W,CTGCAGCGAGATTTACCACTTTGAGAGTAATTT,1.0,1.0,4.138236,0,2
RDBECOLIPMC03663,uspA,b3495,sigma70,tttatctaacgagtaagcaaggcggattgacggatcatccgggtcgctataaggtaaggaTggtcttaacactgaatcttt,S,TTGACGGATCATCCGGGTCGCTATAAG,1.0,1.0,10.8860165,0,1
RDBECOLIPMC00497,rcsD,b2216,sigma70,tagagaatcatcaatcaggtaagagtctggaatttcacactgtaccctttatactgccctAtcacttcgcgaagttttaac,S,CTGGAATTTCACACTGTACCCTTTATACT,0.0,1.0,6.6494637999999995,0,0
RDBECOLIPMC03456,flhD,b1892,sigma70,tattgaaaatcgcagcccccctccgttgtatgtgcgtgtagtgacgagtacagttgcgtcGatttaggaaaaatcttagat,S,TTGTATGTGCGTGTAGTGACGAGTACAGT,1.0,1.0,5.61313365,0,2
RDBECOLIPMC03417,alkB,b2212,sigma70,aaagcggtacgggccgttgccagcgcctgtgccgccaacaagctggctatcataatacccTgtcatcgggtggtccgtggt,W,CTGTGCCGCCAACAAGCTGGCTATCAT,0.0,0.0,3.09328525,0,2
RDBECOLIPMC02770,nrdD,b4238,sigma70,caaaaaaagctcaaacatccttgatgcaaagcactatatatagactttaaaatgcgtcccAacccaatatgttgtattaat,S,TTGATGCAAAGCACTATATATAGACTTTAAAAT,1.0,1.0,5.2162995,0,2
RDBECOLIPMC03065,dapE,b2472,sigma70,aaatgcctgcaattatcaaacgtccattgctctgcgtgcccggtaagcctatgctgctggGtttcagtgattccagttatc,W,TTGCTCTGCGTGCCCGGTAAGCCTATGCT,0.0,0.0,6.44532685,0,0
RDBECOLIPMC02560,aroD,b1693,sigma70,attgcagcaggcgcaacaagctggttgcaaaacgattgatggatacggcatgttgttgtgGcaaggggctgaacagttcac,S,TTGCAAAACGATTGATGGATACGGCATGTTGT,0.0,1.0,5.87967635,0,0
RDBECOLIPMC03979,modA,b0763,sigma70,ctcacaaaggttagcaataactgctgggaaaattccgagttagtcgttatattgtcgcctAcataacgttacattaagggg,S,CTGCTGGGAAAATTCCGAGTTAGTCGTTATATT,1.0,1.0,5.68451615,0,2
RDBECOLIPMC02781,yhgH,b3413,sigma70,ctaaccaaatggctttatcaggtgcctgttgcagcacggcttcggccatatcagcaagtgAcagcgcaccaaatccccggc,W,GTGCCTGTTGCAGCACGGCTTCGGCCATATCAG,1.0,1.0,5.47108885,0,2
RDBECOLIPMC03541,gntT,b3415,sigma70,tttaaatttaccccgctctggtgattctcaaacgccagatgttacccgtatcattcacatGggtaccaaacatactcctga,S,TTCTCAAACGCCAGATGTTACCCGTATCAT,1.0,1.0,4.1344557,0,2
RDBECOLIPMC03766,fimB,b4312,sigma70,tacatagcatgcaagagcatggcgtttgtatggcaacgttattataattaacagttgctaCtccatttaagttcactcaga,S,TTGTATGGCAACGTTATTATAATTAACAG,1.0,1.0,6.0707415000000005,0,0
RDBECOLIPMC03808,creA,b4397,sigma70,ttagggcttgacggaaataaaagtattgagattttgttcttaatcaatatgttatttaccGtgacgaactaattgctcgtg,W,TTGAGATTTTGTTCTTAATCAATATGTT,0.0,1.0,6.3626075,0,0
RDBECOLIPMC03730,accA,b0185,sigma70,gcccgggaaaaatatgctcgcgggcttgctatctcgctgacggacaggcaaattgatgacCagcttttaaaccgactccgt,S,TTGCTATCTCGCTGACGGACAGGCAAATT,1.0,1.0,8.2758375,0,0
RDBECOLIPMC04001,acrA,b0463,sigma70,gttcgtgaatttacaggcgttagatttacatacatttgtgaatgtatgtaccatagcacgAcgataatataaacgcagcaa,S,TTTACATACATTTGTGAATGTATGTACCAT,1.0,1.0,7.731334,0,0
RDBECOLIPMC02991,trpS,b3384,sigma70,ctacggatataactacggcgaggctatcgatctcagccagcctgatgtaatttatcagtcTataaatgaccttctgcccgc,S,ATCGATCTCAGCCAGCCTGATGTAATTT,0.0,0.0,7.6668594,0,0
RDBECOLIPMC03906,damX,b3388,sigma70,cgcggacgtcggaacgtctcgggcagtttagttctgccgaaacgcagcgtattataacccTgctcaagcgggctgggttac,S,TTTAGTTCTGCCGAAACGCAGCGTATTAT,0.0,0.0,8.296355,0,0
RDBECOLIPMC02912,yebC,b1864,sigma70,gcggcgctcactaagtcctggagcaaccggcaggcgattgaacagtttgtaattaacgctGcctgaacaggcagggctatc,W,CCGGCAGGCGATTGAACAGTTTGTAATTAA,0.0,0.0,8.225344499999999,0,0
RDBECOLIPMC02913,ruvC,b1863,sigma70,gtctgatcgatatgctggaagattgcgacgacgtgcaggaagtttaccataacggtgaaaTctctgatgaggtcgcagcga,W,TTGCGACGACGTGCAGGAAGTTTACCAT,0.0,0.0,7.41379,0,0
RDBECOLIPMC02914,nudB,b1865,sigma70,cgaaatcattcgcgttgcatcgaggcggcaactgagtgaactcccatgagcatagataacTatgtgaatgggatgagcgaa,W,CGGCAACTGAGTGAACTCCCATGAGCAT,0.0,0.0,7.96247245,0,0
RDBECOLIPMC03254,mutL,b4170,sigma70,agccaggcggtgctggatttacagttcggtcattcccagcgggtagggtatgatgtagcgAccagtatgatcagtcagttg,S,TTCGGTCATTCCCAGCGGGTAGGGTATGAT,0.0,0.0,6.0158377,0,0
RDBECOLIPMC03256,miaA,b4171,sigma70,tttacccttacgccaacaaaatttacaaatcttgattcctgaactgataggctacctggcGaagcagtccgtattcgaacc,S,TTTACAAATCTTGATTCCTGAACTGATAGGCT,0.0,0.0,9.0810505,0,1
RDBECOLIPMC03049,relB,b1564,sigma70,cgactactttctgacttccttcgtgacttgccctaagcatgttgtagtgcgatacttgtaAtgacatttgtaattacaaga,S,TTGCCCTAAGCATGTTGTAGTGCGATACT,0.0,1.0,7.0614027,0,0
RDBECOLIPMC03540,gntK,b3437,sigma70,cttatacacttaaggcatggatggatattgcttctgatattgtccggctggacaatgttaCcgataacagttacccgtaac,S,TTGCTTCTGATATTGTCCGGCTGGACAAT,1.0,1.0,3.56486225,0,2
RDBECOLIPMC02754,gntR,b3438,sigma70,gcttccggggttttgccgcgtcgttagcacaatgcgatgcaattgatttagtgtatatctAataattgtaaacaagcactg,S,TTAGCACAATGCGATGCAATTGATTTAGTGT,0.0,0.0,6.51051255,0,0
RDBECOLIPMC00450,gcd,b0124,sigma70,atctgttaataaagctcgaattgtgatgacgatcacacatgttaaaacctataattaattGctactaaaatattaatgaat,S,ATGACGATCACACATGTTAAAACCTATAAT,1.0,1.0,6.97595135,0,0
RDBECOLIPMC03036,yrbG,b3196,sigma70,cgtggttagcgaaagctggcatttgttttactttttagccgcataaagtcaaaattaagcAtccgttacggctttctgaaa,S,TTGTTTTACTTTTTAGCCGCATAAAGT,0.0,0.0,5.55344015,0,2
RDBECOLIPMC00524,lptA,b3200,sigma70,agatcaatctggtgacgcaggatgttacctctgaagacctcgtcacgttatacggaacaaCatttaactccagcggtctga,S,ATGTTACCTCTGAAGACCTCGTCACGTT,0.0,0.0,7.94398595,0,0
RDBECOLIPMC03843,rpoN,b3202,sigma70,cgcctacagaaatcttacaagacgaacacgttaagcgtgtataccttggggaagacttcaGactctgatagggtagaagtt,W,TTAAGCGTGTATACCTTGGGGAAGACT,0.0,1.0,8.1063835,0,0
RDBECOLIPMC03519,nhaA,b0019,sigma70,aattattcctacactataatctgattttaacgatgattcgtgcggggtaaaatagtaaaaAcgatctattcacctgaaaga,S,TTAACGATGATTCGTGCGGGGTAAAAT,1.0,1.0,6.13452,0,0
RDBECOLIPMC02436,mnmG,b3741,sigma70,atacccaggatcccaggtctttctcaagccgacaaagttgagtagaatccacggcccgggCttcaatccattttcataccg,S,TTCTCAAGCCGACAAAGTTGAGTAGAAT,0.0,1.0,6.8161685,0,0
RDBECOLIPMC03435,asnC,b3743,sigma70,tcattcaataaaaagcctaactcacttttgattcattaaaaaagaaggctaaaatagaatGaatcatcaatccgcataaga,S,TTGATTCATTAAAAAAGAAGGCTAAAAT,0.0,1.0,4.878572999999999,0,2
RDBECOLIPMC02577,gnsA,b4517,sigma70,aagcgataacctgttgattattgaatctttcggggagatggcttataacatttcttacctGaccagggtaccgggaaccaa,S,TTGAATCTTTCGGGGAGATGGCTTATAACATTTCTT,0.0,0.0,6.2546017,0,0
RDBECOLIPMC03833,cvpA,b2313,sigma70,attgatgcgcgggaaggaaatccctacgcaaacgttttctttttctgttagaatgcgcccCgaacaggatgacagggcgta,C,CTACGCAAACGTTTTCTTTTTCTGTTAGAAT,0.0,1.0,8.292192,0,0
RDBECOLIPMC00585,sfsA,b0146,sigma70,accctttacgcctcctcgtttgcccgtggacgcacacgctacacgccgctaaaacgctggGcgctaacgcaataacaagga,W,TGGACGCACACGCTACACGCCGCTAAAAC,1.0,0.0,6.4177643,0,0
RDBECOLIPMC03364,nagB,b0678,sigma70,atatcgttattatcactcccttttactggctaaaccagaaaacttattttatcattcaaaAaatcaggtcggattgacgcc,S,TTACTGGCTAAACCAGAAAACTTATTTTATCAT,0.0,1.0,6.706667,0,0
RDBECOLIPMC03031,yqjA,b3095,sigma70,taaagtgtcagcctgtgtaaatcctctcgccaccctcccctgcattcagcaaaatcagacTccacggacatgtaattttga,S,CTCTCGCCACCCTCCCCTGCATTCAGCAAAAT,1.0,0.0,6.44123315,0,0
RDBECOLIPMC03370,ompC,b2215,sigma70,cttaaaagttttagtatcatattcgtgttggattattctgcatttttggggagaatggacTtgccgactgattaatgaggg,C,TTGGATTATTCTGCATTTTTGGGGAGAAT,1.0,1.0,12.041914,0,1
RDBECOLIPMC00467,exbB,b3006,sigma70,atgcaaatagtaatgagaacgactatcaattcgacgtcgttttgatattattatgcgcagAttttgtgacttgcgtcctgg,W,ATCAATTCGACGTCGTTTTGATATTAT,1.0,1.0,8.5355155,0,1
RDBECOLIPMC02998,pepD,b0237,sigma70,cctgtcttgtgttgacaacattttctgctaaccctgtgacctgcaatactgttttgcgggTgatcgacaaggagacttaac,S,TTTTCTGCTAACCCTGTGACCTGCAATACT,0.0,1.0,8.30185,0,0
RDBECOLIPMC03593,trpC,b1262,sigma70,gcaggcggaacaccggaagaaaaccgtgacattttaacacgtttgttacaaggtaaaggcGacgccgcccatgaagcagcc,S,GTGACATTTTAACACGTTTGTTACAAG,1.0,1.0,7.082649,0,0
RDBECOLIPMC00444,xseB,b0422,sigma70,cacatcaccttaccattgcgcgttatttgctatttgccctgagtccgttaccatgacgggGcgaaaaatattgagagtcag,W,TTGCTATTTGCCCTGAGTCCGTTACCAT,0.0,0.0,7.49493235,0,0
RDBECOLIPMC00379,menA,b3930,sigma70,catctggatgcgttggtggcagatgaagatctgagccgttttatcctataatcgcgttcaAtcattttcatcattgtttga,S,ATGAAGATCTGAGCCGTTTTATCCTATAAT,1.0,0.0,5.257172799999999,0,2
RDBECOLIPMC03682,atpI,b3739,sigma70,ttattcaccttttggctacttattgtttgaaatcacgggggcgcaccgtataatttgaccGctttttgatgcttgactcta,S,TTGAAATCACGGGGGCGCACCGTATAAT,1.0,0.0,8.9161885,0,1
RDBECOLIPMC03440,crp,b3357,sigma70,gggtcatgctgaagcgagacaccaggagacacaaagcgaaagctatgctaaaacagtcagGatgctacagtaatacattga,S,AGACACCAGGAGACACAAAGCGAAAGCTATGCT,1.0,1.0,9.982916,0,1
RDBECOLIPMC03397,araE,b2841,sigma70,catatttatgctgtttccgacctgacacctgcgtgagttgttcacgtattttttcactatGtcttactctctgctggcagg,S,CTGACACCTGCGTGAGTTGTTCACGTATTTT,1.0,1.0,3.55313615,0,2
RDBECOLIPMC02522,yajG,b0434,sigma70,catgatgaatttacatgccttacccacttcccctcgccgttggcaatgttatgatggcggGaatttttaccaaacacgctt,S,TTCCCCTCGCCGTTGGCAATGTTATGAT,0.0,0.0,8.091867,0,0
RDBECOLIPMC03820,ppiD,b0441,sigma70,ggcgcatctactgatgtgccttttttatttgtattcggtgactttctgcgtcttgtgggcTgacaattgcccccgtttctt,S,TTGTATTCGGTGACTTTCTGCGTCTTGT,1.0,0.0,7.7047305,0,0
RDBECOLIPMC03628,dapA,b2478,sigma70,aacaatcagaacggttctgtctgcttgcttttaatgccataccaaacgtaccattgagacActtgtttgcacagaggatgg,S,TTGCTTTTAATGCCATACCAAACGTACCAT,0.0,0.0,9.4216865,0,1
RDBECOLIPMC03390,tyrR,b1323,sigma70,tgtcaatgattgttgacagaaaccttcctgctatccaaatagtgtcatatcatcatattaAttgttcttttttcaggtgaa,S,TTCCTGCTATCCAAATAGTGTCATATCAT,0.0,1.0,6.55346265,0,0
RDBECOLIPMC03799,clpA,b0882,sigma70,ttacactccgatggagtttgttattgacgtgttacaaaaattcttttcttatgatgtagaAcgtgcaacgcaattgatgct,S,TTGACGTGTTACAAAAATTCTTTTCTTATGAT,0.0,0.0,8.8574995,0,1
RDBECOLIPMC00225,nemR,b1649,sigma70,gttaatgtccaaagtagcaactttgcttgcactagaccgactggtctactacactccaacGcatgaacaaacacaccgaac,S,TTGCTTGCACTAGACCGACTGGTCTACTACACT,0.0,1.0,3.7914168,0,2
RDBECOLIPMC02905,gloA,b1651,sigma70,ttacccgacgttgtaatccaacattgcgagcggcgtaaagccgccgctatactaaaacaaCattttgaatctgttagccat,W,TTGCGAGCGGCGTAAAGCCGCCGCTATACT,0.0,1.0,8.0626225,0,0
RDBECOLIPMC03795,rpoS,b2741,sigma70,gcctgcacaaaattccaccgttgctgttgcgtcgcaaccgacaattacgtattctgagtcTtcgggtgaacagagtgctaa,S,TTGCGTCGCAACCGACAATTACGTATTCT,1.0,1.0,10.0686365,0,1
RDBECOLIPMC02537,rpoE,b2573,sigma70,aatgggcatttctacacagataatgcgatgttcagattctgtagacttataatgatagatAatgatccgtctacagcatga,S,ATGCGATGTTCAGATTCTGTAGACTTATAAT,1.0,1.0,8.778928,0,1
RDBECOLIPMC02768,cpxR,b3912,sigma70,gggggtgtaaaacaacgtaaagtcatggattagcgacgtctgatgacgtaatttctgcctCggaggtatttaaacaatgaa,W,ATGGATTAGCGACGTCTGATGACGTAATTT,1.0,1.0,7.80711135,0,0
RDBECOLIPMC03554,dapD,b0166,sigma70,ttgcagcaggaagtgcatcagcggttgacagaggccctcaatccaaacgataaagggtgaTgtgtttactgatatgaaaag,S,TTGACAGAGGCCCTCAATCCAAACGAT,1.0,0.0,9.7736145,0,1
RDBECOLIPMC00376,sohB,b1272,sigma70,tactttcgctgcaataacatctctgcgagacggcttaacatgcctgttgtaaactgtgagCcaaagcgttgtttaaccaag,W,CTGCGAGACGGCTTAACATGCCTGTTGTAAACT,0.0,1.0,6.73856285,0,0
RDBECOLIPMC03552,lpd,b0116,sigma70,tagacaaatcggttgccgtttgttgtttaaaaattgttaacaattttgtaaaataccgacGgatagaacgacccggtggtg,S,TTAAAAATTGTTAACAATTTTGTAAAAT,1.0,1.0,10.456992,0,1
RDBECOLIPMC02561,pta,b2297,sigma70,gctgatggatggtcgtctggacgctgttgtattcactggtggtatcggtgaaaatgccgcAatggttcgtgaactgtctct,S,TTGTATTCACTGGTGGTATCGGTGAAAAT,1.0,0.0,7.74872495,0,0
RDBECOLIPMC02889,glnQ,b0809,sigma70,actgcgtcgtatgctgccgccgctgggtaaccagtggatcatcagcattaaagacacctcGctgtttattgtgatcggcgt,W,GTAACCAGTGGATCATCAGCATTAAAGA,1.0,1.0,7.43704295,0,0
RDBECOLIPMC03617,hisB,b2022,sigma70,ggcgcgctttaaagcctccagtgcggtgtttaaatctttgtgggatcagggcattatcttAcgtgatcagaataaacaacc,S,TTTAAATCTTTGTGGGATCAGGGCATTATCTT,1.0,0.0,7.6609745,0,0
RDBECOLIPMC00056,bssS,b1060,sigma70,ttatctgtttccccctttaaaaattcggtgaatacccttacttattggtatactgaagttGcttcagataaaaacgcattg,W,,1.0,0.0,7.5413787,0,0
RDBECOLIPMC03265,leuO,b0076,sigma70,cgcggtagttatgattagattgttttcgcaacaaaaacattatggattattatgctgtggTaaatgactcattccacggca,S,TTCGCAACAAAAACATTATGGATTATTAT,1.0,1.0,2.6888394499999997,0,2
RDBECOLIPMC03594,pyrF,b1281,sigma70,gcctgccaggggagaaatcgcaactgttaattttttatttccacgggtagaatgctcgccGtttacctgtttcgcgccact,S,TTAATTTTTTATTTCCACGGGTAGAAT,0.0,0.0,6.7749512,0,0
RDBECOLIPMC03587,phoH,b1020,sigma70,gcacacagcttttttcatcactgtcatcactctgtcatctttccagtagaaactaatgtcActgaaatggtgttttatagt,S,CTGTCATCTTTCCAGTAGAAACTAATGT,1.0,1.0,6.5143824,0,0
RDBECOLIPMC03322,argF,b0273,sigma70,gtaagaaagaattgtgaaatggggttgcaaatgaataattacacatataaagtgaattttAattcaataagtggcgttcgc,C,TTGCAAATGAATAATTACACATATAAA,1.0,1.0,7.3350551500000005,0,0
RDBECOLIPMC03715,deoB,b4383,sigma70,gcaccggaaagcacaccaactgtctatcgccgtatcagcgaataacggtatactgatctgAtcatttaaatttgaagcact,S,,1.0,1.0,8.010045999999999,0,0
RDBECOLIPMC03753,dppA,b3544,sigma70,tggtgtaaatcccggttggctgtattgacgttttcacattctgttgacagattgtaggtcAcgaggggcattttatggagg,C,TTGACGTTTTCACATTCTGTTGACAGATTGT,1.0,1.0,10.0551615,0,1
RDBECOLIPMC00514,uxaB,b1521,sigma70,catcaggagttgatcaaaacaggggttcggcgtattaaagtttgctaacctgtcgtaccaAttcaaacaggttgtatgact,S,GTTCGGCGTATTAAAGTTTGCTAACCT,1.0,1.0,2.7547354,0,2
RDBECOLIPMC03339,fhuA,b0150,sigma70,tgcgtaccgcttgcgaacccgccagcgtttcgaatattatcttatctttataataatcatTctcgtttacgttatcattca,W,TTTCGAATATTATCTTATCTTTATAAT,0.0,1.0,7.93779475,0,0
RDBECOLIPMC03987,rnc,b2567,sigma70,atgagataaatctcccgtggctaacgacatcccccgtcgttgtgtatagaatattcccccGaagtttaaggttggcacctc,S,CTAACGACATCCCCCGTCGTTGTGTATAGAAT,0.0,0.0,8.020427,0,0
RDBECOLIPMC00603,rfaD,b3619,sigma70,atccttgcacctctatgtaaagggctgaagggattcggatgtgatggtatgattacagacAttcgtgtctgagattgtctc,S,CTGAAGGGATTCGGATGTGATGGTATGAT,1.0,0.0,8.21511125,0,0
RDBECOLIPMC00360,rnlA,b2630,sigma70,caggtggctaaatttagcaaatcaatacacttcaggggggtattattgtagagtttccccAtatgtttctatgggatccag,S,ATCAATACACTTCAGGGGGGTATTATTGT,0.0,1.0,6.9887046999999995,0,0
RDBECOLIPMC00361,rnlB,b2631,sigma70,tttgcagctactcttagaccggaacagattaacatcatcagcacagcctatactttttttAatgtggaacgtcattctctg,S,ATTAACATCATCAGCACAGCCTATACT,0.0,1.0,6.61432485,0,0
RDBECOLIPMC00378,mpl,b4233,sigma70,aaattacggattatcctgaaatgcgtttctcacttgcccgacatatgcgtaaaatgagcgGcagattaaaaaaggatagtg,W,TTCTCACTTGCCCGACATATGCGTAAAAT,1.0,1.0,7.1352458,0,0
RDBECOLIPMC04045,rnt,b1652,sigma70,gaactcatcgcgcccgcatctttactgcatcgacaagtaatatttgtcataatgcgcgctGcaatttatccgtattaagag,S,CTGCATCGACAAGTAATATTTGTCATAAT,0.0,0.0,5.99714305,0,0
RDBECOLIPMC03534,lysU,b4129,sigma70,gatggttatttattagtgatatcaacttgaggtaagcgttagtttcgataagataaactgAgttactaatagtcgaggcag,S,TTGAGGTAAGCGTTAGTTTCGATAAGATAAACT,0.0,1.0,5.9909137999999995,0,0
RDBECOLIPMC00508,glgB,b3432,sigma70,taagcgcagatgtttcatgatttaccgggagttaaatagagcattggctattctttaaggGtggctgaatacatgagtatt,S,TTACCGGGAGTTAAATAGAGCATTGGCTATTCT,1.0,0.0,7.99912095,0,0
RDBECOLIPMC00509,glgA,b3429,sigma70,gtggtgccggaactggatatgtacgatcgcaattggccaattcgcacctacaatgaatcaTtaccgccagcgaaattcgtg,S,ATCGCAATTGGCCAATTCGCACCTACAAT,1.0,1.0,7.8760841,0,0
RDBECOLIPMC03443,glgC,b3430,sigma70,ctggggagtggcacgccattcccccattcgctggagaggataacccagtgattacggctgTctggcagggacctgcacacg,S,TTCCCCCATTCGCTGGAGAGGATAACCCAGTGA,1.0,1.0,8.142846500000001,0,0
RDBECOLIPMC03515,manX,b1817,sigma70,gaaagttaaattacggatcttcatcacataaaataattttttcgatatctaaaataaatcGcgaaacgcaggggtttttgg,S,ATCACATAAAATAATTTTTTCGATATCTAAAAT,1.0,1.0,9.001551,0,1
RDBECOLIPMC03769,rlmE,b3179,sigma70,ggtgctgtttttgtttagtactcagattcatcgtattttttgcttacgttgggattgaaaAcgggtcattctaccgccatc,S,CTCAGATTCATCGTATTTTTTGCTTACGTT,1.0,0.0,8.836266,0,1
RDBECOLIPMC03003,lspA,b0027,sigma70,tgggcgatgaattacgatttgtcctgttgacctccggcgctaccgttgcagactataacgAcgcacctgctgatgctcagc,S,TTGACCTCCGGCGCTACCGTTGCAGACT,0.0,0.0,7.551789299999999,0,0
RDBECOLIPMC03058,ileS,b0026,sigma70,gtaggtgatgatttccgctttggcgctggtcgtgaaggcgatttcttgttattacagaaaGctggcatggaatacggcttc,S,CTGGTCGTGAAGGCGATTTCTTGTTATTAC,0.0,0.0,8.6491615,0,1
RDBECOLIPMC02960,ribF,b0025,sigma70,ttctgatttcggtactcaatcgccggttaaccttgaccgctgtacaaggtatactcggacGattttcactgttttgagcca,C,TTAACCTTGACCGCTGTACAAGGTATACT,0.0,0.0,7.9342866999999995,0,0
RDBECOLIPMC00286,ybdN,b0602,sigma70,atttattgaccgtctaaatgagagtttttgatatataactacagacagctactataacttTcatctatttattcacagcgc,W,TTGATATATAACTACAGACAGCTACTAT,1.0,1.0,1.6764776000000001,0,2
RDBECOLIPMC03005,rpmI,b1717,sigma70,tagacttagtcgagatcagccctaacgccgagccgccggtttgtcgtataatggattacgGcaaattcctctatgaaaaga,C,CTAACGCCGAGCCGCCGGTTTGTCGTATAAT,0.0,1.0,12.475994,0,1
RDBECOLIPMC00486,infC,b1718,sigma70,gcgggcattcgtgttaaagcagacttgagaaatgagaagattggctttaaaatccgcgagCacactttgcgtcgcgtccca,S,TTGAGAAATGAGAAGATTGGCTTTAAAAT,0.0,1.0,12.469346999999999,0,1
RDBECOLIPMC01276,ydfA,b1571,sigma70,gttagctatagcatacaaaatcacttgaccgatatgttagtcatggctaatcttgtttgcAtcaacacaccgcacggtgtt,S,TTGACCGATATGTTAGTCATGGCTAATCT,0.0,0.0,2.67749625,0,2
RDBECOLIPMC03575,sdhD,b0722,sigma70,aggtttcgagcaagcttccgcgattatgggcagcttcttcgtcaaatttatcatgtggggCatccttaccgctctggcgta,S,TTATGGGCAGCTTCTTCGTCAAATTTATCAT,1.0,1.0,8.312524,0,0
RDBECOLIPMC03425,sdhC,b0721,sigma70,cgacaaactatatgtaggttaattgtaatgattttgtgaacagcctatactgccgccaggTctccggaacaccctgcaatc,S,TTGTAATGATTTTGTGAACAGCCTATACT,1.0,1.0,9.150318,0,1
RDBECOLIPMC03159,xerD,b2894,sigma70,ttctgccgccatttcggtgtaacaggtgctggaaccgtaaaaaagacccatattcataacGtaagcttctcgattctgctg,W,GTGCTGGAACCGTAAAAAAGACCCATATT,0.0,0.0,6.21275855,0,0
RDBECOLIPMC03346,glnA,b3870,sigma70,gcataaaaagggttatccaaaggtcattgcaccaacatggtgcttaatgtttccattgaaGcactatattggtgcaacatt,S,GTCATTGCACCAACATGGTGCTTAATGT,1.0,0.0,9.480902,0,1
RDBECOLIPMC03347,glnL,b3869,sigma70,ttttctccgtcaattctctgatgcttcgcgctttttatccgtaaaaagctataatgcactAaaatggtgcaacctgttcag,S,TTCGCGCTTTTTATCCGTAAAAAGCTATAAT,1.0,0.0,6.01248985,0,0
RDBECOLIPMC04036,mlc,b1594,sigma70,gttaatcacatgcctaagtaaaaatttgacgacacgtattgaagtgcttcaccatagcctAcagattatttcggagcgcga,S,CGACACGTATTGAAGTGCTTCACCATAGCCT,0.0,1.0,5.5397643,0,2
RDBECOLIPMC02568,btuD,b1709,sigma70,gaaaagtcatccagcgtttttccccggatatgacgccggaagatcccattgtgatggaaaGcattaaactggcgttggcaa,S,CGGATATGACGCCGGAAGATCCCATTGTGAT,0.0,0.0,6.132507,0,0
RDBECOLIPMC03259,lpxC,b0096,sigma70,gctgattaagaattgactggaatttgggtttcgaggctctttgtgctaaactggcccgccGaatgtatagtacacttcggt,W,TTGGGTTTCGAGGCTCTTTGTGCTAAACT,0.0,1.0,10.0831465,0,1
RDBECOLIPMC00415,ftsA,b0094,sigma70,ctgatgaattgaagattcatctggttgaatatgtgccgattgcgcggtggaatgatcaacAtatggtagacgcggaaggaa,S,TTGAATATGTGCCGATTGCGCGGTGGAAT,1.0,1.0,7.5412327,0,0
RDBECOLIPMC00374,mraZ,b0081,sigma70,tatgccttgtgactggcttgacaagcttttcctcagctccgtaaactcctttcagtgggaAattgtggggcaaagtgggaa,S,TTTCCTCAGCTCCGTAAACTCCTTTCAGTGG,0.0,1.0,7.7651965999999994,0,0
RDBECOLIPMC02599,infB,b3168,sigma70,actgattatggctgcccgtaatatttgctggttcggtgacgaagcgtaataaactgtagcAggaaggaacagcatgacaga,S,TTGCTGGTTCGGTGACGAAGCGTAATAAACT,1.0,1.0,8.9191665,0,1
RDBECOLIPMC02600,nusA,b3169,sigma70,cgttatcaaagcggtagacggtgaaatgatcacagttaccgtcgaaggtaaagatgaagtGttcgcgctgagtaatatcca,S,ATCACAGTTACCGTCGAAGGTAAAGAT,1.0,1.0,8.59454775,0,1
RDBECOLIPMC03651,pnp,b3164,sigma70,gagtggccccttttttcaagctgacggcagcaattcactggaaactaatgtattgttgctAtgaatgatcttccgttgcag,S,AGCAATTCACTGGAAACTAATGTATTGT,1.0,1.0,9.575373500000001,0,1
RDBECOLIPMC02961,rimP,b3170,sigma70,ttcaaatccggcccccgcaaccactttcccttagagtcctttttcaaatatactgtgaagActtcggccttcgtagtggga,C,TTCCCTTAGAGTCCTTTTTCAAATATACT,1.0,1.0,8.423422500000001,0,0
RDBECOLIPMC03147,yceJ,b1057,sigma70,atcattcaatttgttatttttgtgttgcaattcattctccgacacgccattttctttctcTcgcaaattcgttttggatgc,W,TTGCAATTCATTCTCCGACACGCCATTTT,0.0,0.0,3.48862555,0,2
RDBECOLIPMC03675,dnaA,b3702,sigma70,ataaatcgggaaaatctgtgagaaacagaagatctcttgcgcagtttaggctatgatccgCggtcccgatcgttttgcagg,S,AGATCTCTTGCGCAGTTTAGGCTATGAT,1.0,1.0,7.699884,0,0
RDBECOLIPMC03521,pstS,b3728,sigma70,tcataaaactgtcatattccttacatataactgtcacctgtttgtcctattttgcttctcGtagccaacaaacaatgcttt,S,TTACATATAACTGTCACCTGTTTGTCCTATTTT,1.0,1.0,6.609473700000001,0,0
RDBECOLIPMC00511,pstC,b3727,sigma70,cggggctaaacaggcgaacgacctggattacgccagcctgccggatagtgtagttgaacaGgttcgcgctgcgtggaagac,S,CTGGATTACGCCAGCCTGCCGGATAGTGT,1.0,1.0,5.2347455,0,2
RDBECOLIPMC00513,phoU,b3724,sigma70,ggctgcgcgttgttccgaccacacggcgtttatgtacctgggcgaattgattgagttcagCaacacggacgatctgttcac,S,CGGCGTTTATGTACCTGGGCGAATTGATTGA,1.0,0.0,6.397496,0,0
