Operon ID,Promoter ID,TU first gene,Promoter -35 box sequence,Promoter -10 box sequence,spacer,Sigma factor,fpkm1,tpm1,lenght -35 box,lenght -10 box,lenght spacer,Promoter -35 box0,Promoter -35 box1,Promoter -35 box2,Promoter -35 box3,Promoter -35 box4,Promoter -35 box5,Promoter -10 box0,Promoter -10 box1,Promoter -10 box2,Promoter -10 box3,Promoter -10 box4,Promoter -10 box5,Spacer0,Spacer1,Spacer2,Spacer3,Spacer4,Spacer5,Spacer6,Spacer7,Spacer8,Spacer9,Spacer10,Spacer11,Spacer12,Spacer13,Spacer14,Spacer15,Spacer16
RDBECOLIOPC00023,RDBECOLIPMC00480,chiA,TTGAAG,AATAAT,GGTTCTCGTAAAACGTA,sigma70,1.241966,3.441529,6,6,17,T,T,G,A,A,G,A,A,T,A,A,T,G,G,T,T,C,T,C,G,T,A,A,A,A,C,G,T,A
RDBECOLIOPC00026,RDBECOLIPMC03416,purA,CTGTAA,TAGAAT,CTCTGAAAAAGCGATGG,sigma70,39.228058,52.41437,6,6,17,C,T,G,T,A,A,T,A,G,A,A,T,C,T,C,T,G,A,A,A,A,A,G,C,G,A,T,G,G
RDBECOLIOPC00072,RDBECOLIPMC02761,nfsB,TTACCA,TAATCT,TTTCTCGTTGAACCTTG,sigma70,31.934819,21.482584,6,6,17,T,T,A,C,C,A,T,A,A,T,C,T,T,T,T,C,T,C,G,T,T,G,A,A,C,C,T,T,G
RDBECOLIOPC00087,RDBECOLIPMC02793,ulaA,TTGTTG,TAGAGT,TGATTACTTTTGAAAAT,sigma70,0.539588,0.775915,6,6,17,T,T,G,T,T,G,T,A,G,A,G,T,T,G,A,T,T,A,C,T,T,T,T,G,A,A,A,A,T
RDBECOLIOPC00117,RDBECOLIPMC03341,fnr,TTACTT,TAAAAT,GCTCCCTAAAAAGATGT,sigma70,36.864332,28.552621,6,6,17,T,T,A,C,T,T,T,A,A,A,A,T,G,C,T,C,C,C,T,A,A,A,A,A,G,A,T,G,T
RDBECOLIOPC00131,RDBECOLIPMC03024,tomB,ATGAAA,TATAGT,ACCTGCAAAGAGTGGCT,sigma70,53.531849,20.648492,6,6,17,A,T,G,A,A,A,T,A,T,A,G,T,A,C,C,T,G,C,A,A,A,G,A,G,T,G,G,C,T
RDBECOLIOPC00140,RDBECOLIPMC02900,pheP,TTGCGA,TAAAAG,CGATGGGCACTAAATGT,sigma70,1.696134,2.402359,6,6,17,T,T,G,C,G,A,T,A,A,A,A,G,C,G,A,T,G,G,G,C,A,C,T,A,A,A,T,G,T
RDBECOLIOPC00272,RDBECOLIPMC03500,lrp,TTGACA,GAAAAC,ATCCCCTGGTGTTTTGC,sigma70,63.373918,32.267137,6,6,17,T,T,G,A,C,A,G,A,A,A,A,C,A,T,C,C,C,C,T,G,G,T,G,T,T,T,T,G,C
RDBECOLIOPC00286,RDBECOLIPMC00340,ftnA,TTGCAA,TATAGT,ATAATAAAATAACAAAT,sigma70,284.656991,145.813152,6,6,17,T,T,G,C,A,A,T,A,T,A,G,T,A,T,A,A,T,A,A,A,A,T,A,A,C,A,A,A,T
RDBECOLIOPC00290,RDBECOLIPMC03413,malT,TTGCAT,GACCTT,TAGAAAGGTTTCTGGCC,sigma70,13.952532,38.835145,6,6,17,T,T,G,C,A,T,G,A,C,C,T,T,T,A,G,A,A,A,G,G,T,T,T,C,T,G,G,C,C
RDBECOLIOPC00307,RDBECOLIPMC02441,lolA,TTTCCT,TGGAAT,CAAGCTGATTATTAGCC,sigma70,18.462878,11.622407,6,6,17,T,T,T,C,C,T,T,G,G,A,A,T,C,A,A,G,C,T,G,A,T,T,A,T,T,A,G,C,C
RDBECOLIOPC00312,RDBECOLIPMC03379,purR,TTCCCC,CAAAAT,TTTTCGTCAAGATCGGC,sigma70,3.116439,3.288894,6,6,17,T,T,C,C,C,C,C,A,A,A,A,T,T,T,T,T,C,G,T,C,A,A,G,A,T,C,G,G,C
RDBECOLIOPC00377,RDBECOLIPMC02869,fhuF,TTGCTA,TATGAT,TCGGGTAAACCTATCGC,sigma70,0.516999,0.419577,6,6,17,T,T,G,C,T,A,T,A,T,G,A,T,T,C,G,G,G,T,A,A,A,C,C,T,A,T,C,G,C
RDBECOLIOPC00397,RDBECOLIPMC00417,dctA,TTTCTG,TATTTT,TGATGTTGTCTGGGTGT,sigma70,14.530539,19.23551,6,6,17,T,T,T,C,T,G,T,A,T,T,T,T,T,G,A,T,G,T,T,G,T,C,T,G,G,G,T,G,T
RDBECOLIOPC00399,RDBECOLIPMC03319,araC,TGGACT,GACACT,TTTCTGCCGTGATTATA,sigma70,6.445064,5.827208,6,6,17,T,G,G,A,C,T,G,A,C,A,C,T,T,T,T,C,T,G,C,C,G,T,G,A,T,T,A,T,A
RDBECOLIOPC00443,RDBECOLIPMC00306,galR,TTGAAC,AACACT,CAACGGGCGTTTTCCGT,sigma70,4.816172,5.112416,6,6,17,T,T,G,A,A,C,A,A,C,A,C,T,C,A,A,C,G,G,G,C,G,T,T,T,T,C,C,G,T
RDBECOLIOPC00463,RDBECOLIPMC02543,recQ,TTGCAG,GAAAAT,TTTCTCGCGCAGGCGCT,sigma70,1.477067,2.780325,6,6,17,T,T,G,C,A,G,G,A,A,A,A,T,T,T,T,C,T,C,G,C,G,C,A,G,G,C,G,C,T
RDBECOLIOPC00497,RDBECOLIPMC02845,mntH,TTGATA,TAGCAT,ATCATTCTCGTTTGGCA,sigma70,2.598835,3.312029,6,6,17,T,T,G,A,T,A,T,A,G,C,A,T,A,T,C,A,T,T,C,T,C,G,T,T,T,G,G,C,A
RDBECOLIOPC00510,RDBECOLIPMC00115,metG,TTACTT,TACTAT,AACATTTTCCCATTTGG,sigma70,6.238622,13.052231,6,6,17,T,T,A,C,T,T,T,A,C,T,A,T,A,A,C,A,T,T,T,T,C,C,C,A,T,T,T,G,G
RDBECOLIOPC00561,RDBECOLIPMC03465,cysD,TTCATT,TATAGT,CGTTCTCTTACGCTCCC,sigma70,1.422217,1.32976,6,6,17,T,T,C,A,T,T,T,A,T,A,G,T,C,G,T,T,C,T,C,T,T,A,C,G,C,T,C,C,C
RDBECOLIOPC00571,RDBECOLIPMC03124,loiP,TTCACC,TAGAAT,TGCAAACGGCGCATTTT,sigma70,10.351254,8.081259,6,6,17,T,T,C,A,C,C,T,A,G,A,A,T,T,G,C,A,A,A,C,G,G,C,G,C,A,T,T,T,T
RDBECOLIOPC00577,RDBECOLIPMC02510,lysO,TTTACT,TAGTGT,CGTCCTTCCGCTTTCAG,sigma70,0.443939,0.41097,6,6,17,T,T,T,A,C,T,T,A,G,T,G,T,C,G,T,C,C,T,T,C,C,G,C,T,T,T,C,A,G
RDBECOLIOPC00620,RDBECOLIPMC03623,fabB,TTGTTC,TATTGT,GGCGTACAAGTGTACGC,sigma70,79.179828,99.443046,6,6,17,T,T,G,T,T,C,T,A,T,T,G,T,G,G,C,G,T,A,C,A,A,G,T,G,T,A,C,G,C
RDBECOLIOPC00622,RDBECOLIPMC02800,fadI,TTGGCT,TAAGAC,AAATGTAAAAAAATGGT,sigma70,0.616116,0.830826,6,6,17,T,T,G,G,C,T,T,A,A,G,A,C,A,A,A,T,G,T,A,A,A,A,A,A,A,T,G,G,T
RDBECOLIOPC00691,RDBECOLIPMC03110,sbcD,AGCAAA,TATAAT,TGGCACATCTGTTTGGG,sigma70,2.249845,2.783959,6,6,17,A,G,C,A,A,A,T,A,T,A,A,T,T,G,G,C,A,C,A,T,C,T,G,T,T,T,G,G,G
RDBECOLIOPC00731,RDBECOLIPMC02903,artJ,TTGCAT,CATTGT,ATAAATTCACTTGATGG,sigma70,4.520486,3.403621,6,6,17,T,T,G,C,A,T,C,A,T,T,G,T,A,T,A,A,A,T,T,C,A,C,T,T,G,A,T,G,G
RDBECOLIOPC00733,RDBECOLIPMC04042,adiA,TTTACA,GATACT,GCCCGAAAAGGCCGGAA,sigma70,1.188554,2.772725,6,6,17,T,T,T,A,C,A,G,A,T,A,C,T,G,C,C,C,G,A,A,A,A,G,G,C,C,G,G,A,A
RDBECOLIOPC00748,RDBECOLIPMC03401,fadB,TTGCAT,CACACT,ATTTTTAACACAAAATA,sigma70,0.082769,0.186447,6,6,17,T,T,G,C,A,T,C,A,C,A,C,T,A,T,T,T,T,T,A,A,C,A,C,A,A,A,A,T,A
RDBECOLIOPC00776,RDBECOLIPMC03900,ssuE,TTGGAA,CAGACT,TTTTCTTGTCTCTCCGA,sigma70,0.253375,0.150118,6,6,17,T,T,G,G,A,A,C,A,G,A,C,T,T,T,T,T,C,T,T,G,T,C,T,C,T,C,C,G,A
RDBECOLIOPC00798,RDBECOLIPMC03526,wza,TTGCCT,AACACT,GCTATTCCGTTAGCTGT,sigma70,0.047207,0.055355,6,6,17,T,T,G,C,C,T,A,A,C,A,C,T,G,C,T,A,T,T,C,C,G,T,T,A,G,C,T,G,T
RDBECOLIOPC00812,RDBECOLIPMC03510,metC,GTCGAA,TACTAT,TTGATAGTCGTTCTCAT,sigma70,1.616789,1.975669,6,6,17,G,T,C,G,A,A,T,A,C,T,A,T,T,T,G,A,T,A,G,T,C,G,T,T,C,T,C,A,T
RDBECOLIOPC00836,RDBECOLIPMC03424,cyoA,TTTACA,TAAAAT,GTAATGTAACCTTCCCG,sigma70,7.985966,7.78718,6,6,17,T,T,T,A,C,A,T,A,A,A,A,T,G,T,A,A,T,G,T,A,A,C,C,T,T,C,C,C,G
RDBECOLIOPC00841,RDBECOLIPMC03930,fimE,TTGTTA,GAAAAT,TATTGAATCAAATCAAT,sigma70,0.511855,0.314315,6,6,17,T,T,G,T,T,A,G,A,A,A,A,T,T,A,T,T,G,A,A,T,C,A,A,A,T,C,A,A,T
RDBECOLIOPC00891,RDBECOLIPMC03356,lexA,TTCCAA,TATACT,AATCGCCTTTTGCTGTA,sigma70,23.706413,14.850027,6,6,17,T,T,C,C,A,A,T,A,T,A,C,T,A,A,T,C,G,C,C,T,T,T,T,G,C,T,G,T,A
RDBECOLIOPC00896,RDBECOLIPMC03431,mdh,TTGTAA,TAAGGT,ACGGCAATTTTGTGGAT,sigma70,154.93966,149.648472,6,6,17,T,T,G,T,A,A,T,A,A,G,G,T,A,C,G,G,C,A,A,T,T,T,T,G,T,G,G,A,T
RDBECOLIOPC00901,RDBECOLIPMC02449,bluF,AAGACA,TACCGT,CAAGAAGATATGTCTGT,sigma70,0.632615,0.788653,6,6,17,A,A,G,A,C,A,T,A,C,C,G,T,C,A,A,G,A,A,G,A,T,A,T,G,T,C,T,G,T
RDBECOLIOPC00905,RDBECOLIPMC03340,dusB,TTTCAT,TAATAT,CTCGTGCAAAAAATGCG,sigma70,5.67881,5.642598,6,6,17,T,T,T,C,A,T,T,A,A,T,A,T,C,T,C,G,T,G,C,A,A,A,A,A,A,T,G,C,G
RDBECOLIOPC00909,RDBECOLIPMC03398,cysB,GTGGTT,TATTAT,ATAGTTAGCACCTTTTT,sigma70,6.226395,6.244331,6,6,17,G,T,G,G,T,T,T,A,T,T,A,T,A,T,A,G,T,T,A,G,C,A,C,C,T,T,T,T,T
RDBECOLIOPC00922,RDBECOLIPMC03381,pyrD,TTCCCT,CATAAT,TTTGGTCCGAACTCGCA,sigma70,0.961632,1.000013,6,6,17,T,T,C,C,C,T,C,A,T,A,A,T,T,T,T,G,G,T,C,C,G,A,A,C,T,C,G,C,A
RDBECOLIOPC00987,RDBECOLIPMC02958,glyQ,CTGTAT,TATACT,ATCTTCCATCCAGCGGG,sigma70,20.227901,18.975348,6,6,17,C,T,G,T,A,T,T,A,T,A,C,T,A,T,C,T,T,C,C,A,T,C,C,A,G,C,G,G,G
RDBECOLIOPC01004,RDBECOLIPMC02610,ibsD,TTGCGT,AACAAT,GGGGTCTGGCGCTCATC,sigma70,9.5e-05,6e-06,6,6,17,T,T,G,C,G,T,A,A,C,A,A,T,G,G,G,G,T,C,T,G,G,C,G,C,T,C,A,T,C
RDBECOLIOPC01031,RDBECOLIPMC03919,hybO,TTCGTT,TATCAT,TTAGCGCCCCGCCGCAG,sigma70,44.858842,51.632429,6,6,17,T,T,C,G,T,T,T,A,T,C,A,T,T,T,A,G,C,G,C,C,C,C,G,C,C,G,C,A,G
RDBECOLIOPC01067,RDBECOLIPMC02830,cspB,TTGCTT,GTTAAT,CATATGTTCAACTATGC,sigma70,8.616237,1.914326,6,6,17,T,T,G,C,T,T,G,T,T,A,A,T,C,A,T,A,T,G,T,T,C,A,A,C,T,A,T,G,C
RDBECOLIOPC01108,RDBECOLIPMC03459,hns,TTGCAC,TATTAT,AACTGAATTTAAGGCTC,sigma70,1135.391327,483.493228,6,6,17,T,T,G,C,A,C,T,A,T,T,A,T,A,A,C,T,G,A,A,T,T,T,A,A,G,G,C,T,C
RDBECOLIOPC01122,RDBECOLIPMC03499,umuD,TTGATC,TACTGT,TGCTGGCAAGAACAGAC,sigma70,1.793815,0.774946,6,6,17,T,T,G,A,T,C,T,A,C,T,G,T,T,G,C,T,G,G,C,A,A,G,A,A,C,A,G,A,C
RDBECOLIOPC01136,RDBECOLIPMC03483,fepB,TTGCAT,GAAAAT,CTGGTTGTGGTTACAAT,sigma70,0.217795,0.21439,6,6,17,T,T,G,C,A,T,G,A,A,A,A,T,C,T,G,G,T,T,G,T,G,G,T,T,A,C,A,A,T
RDBECOLIOPC01149,RDBECOLIPMC03412,ilvC,TTTCCG,TATAGT,CAATAAATTTCCTGTCA,sigma70,1.2416,1.885001,6,6,17,T,T,T,C,C,G,T,A,T,A,G,T,C,A,A,T,A,A,A,T,T,T,C,C,T,G,T,C,A
RDBECOLIOPC01150,RDBECOLIPMC02015,arfA,TTGATT,TACACT,TTTTGCACTGGCAGGAT,sigma70,18.975138,4.274382,6,6,17,T,T,G,A,T,T,T,A,C,A,C,T,T,T,T,T,G,C,A,C,T,G,G,C,A,G,G,A,T
RDBECOLIOPC01151,RDBECOLIPMC03467,dsdA,CTACGC,TACTAT,TCAATGAAACATTTAAA,sigma70,2.234269,3.054253,6,6,17,C,T,A,C,G,C,T,A,C,T,A,T,T,C,A,A,T,G,A,A,A,C,A,T,T,T,A,A,A
RDBECOLIOPC01172,RDBECOLIPMC02473,degQ,TTGTTA,TAACAT,GCCGTCTGAAAATTCAA,sigma70,11.286255,15.881101,6,6,17,T,T,G,T,T,A,T,A,A,C,A,T,G,C,C,G,T,C,T,G,A,A,A,A,T,T,C,A,A
RDBECOLIOPC01219,RDBECOLIPMC03387,sulA,TTGATC,TACTGT,TTTGTTGTCACTGGATG,sigma70,12.424065,6.517455,6,6,17,T,T,G,A,T,C,T,A,C,T,G,T,T,T,T,G,T,T,G,T,C,A,C,T,G,G,A,T,G
RDBECOLIOPC01221,RDBECOLIPMC03094,apt,TTGCAA,TACATT,TTATTGCGTACAGCCAG,sigma70,4.024535,2.285068,6,6,17,T,T,G,C,A,A,T,A,C,A,T,T,T,T,A,T,T,G,C,G,T,A,C,A,G,C,C,A,G
RDBECOLIOPC01223,RDBECOLIPMC03699,metB,TTGACG,TACTCT,TCCATTAACACAATGTT,sigma70,2.084439,2.489231,6,6,17,T,T,G,A,C,G,T,A,C,T,C,T,T,C,C,A,T,T,A,A,C,A,C,A,A,T,G,T,T
RDBECOLIOPC01232,RDBECOLIPMC03371,ompF,TAGCGA,AAAGAT,AACGTTAGTTTGAATGG,sigma70,76.468584,85.655213,6,6,17,T,A,G,C,G,A,A,A,A,G,A,T,A,A,C,G,T,T,A,G,T,T,T,G,A,A,T,G,G
RDBECOLIOPC01311,RDBECOLIPMC02925,zinT,TTGCAT,TATAAC,TTTGCTATATGTTACAA,sigma70,1.463826,0.980204,6,6,17,T,T,G,C,A,T,T,A,T,A,A,C,T,T,T,G,C,T,A,T,A,T,G,T,T,A,C,A,A
RDBECOLIOPC01314,RDBECOLIPMC02957,feoA,TTGCTG,TATCAT,ATAGAAACCATTCTCAT,sigma70,12.045294,2.82486,6,6,17,T,T,G,C,T,G,T,A,T,C,A,T,A,T,A,G,A,A,A,C,C,A,T,T,C,T,C,A,T
RDBECOLIOPC01322,RDBECOLIPMC00266,yegR,TTCAAT,TATTAT,TATAATAATCATGCCAT,sigma70,5.476923,1.791461,6,6,17,T,T,C,A,A,T,T,A,T,T,A,T,T,A,T,A,A,T,A,A,T,C,A,T,G,C,C,A,T
RDBECOLIOPC01345,RDBECOLIPMC04013,rnb,TTGCCG,TAAAAC,CGTCAGACAGATTCGCG,sigma70,3.432531,6.831873,6,6,17,T,T,G,C,C,G,T,A,A,A,A,C,C,G,T,C,A,G,A,C,A,G,A,T,T,C,G,C,G
RDBECOLIOPC01358,RDBECOLIPMC03362,metF,TTGACG,CATCTT,CCCTTCGGCTTTTCCTT,sigma70,0.541512,0.496284,6,6,17,T,T,G,A,C,G,C,A,T,C,T,T,C,C,C,T,T,C,G,G,C,T,T,T,T,C,C,T,T
RDBECOLIOPC01359,RDBECOLIPMC03932,acnA,TTACGC,TAATAT,GATGTTTGTGTTATCTT,sigma70,13.502528,37.16602,6,6,17,T,T,A,C,G,C,T,A,A,T,A,T,G,A,T,G,T,T,T,G,T,G,T,T,A,T,C,T,T
RDBECOLIOPC01359,RDBECOLIPMC03931,ymiC,CTGGCA,AAGCCT,ACTAACATCGCAGCAGC,sigma70,63.094308,6.230259,6,6,17,C,T,G,G,C,A,A,A,G,C,C,T,A,C,T,A,A,C,A,T,C,G,C,A,G,C,A,G,C
RDBECOLIOPC01371,RDBECOLIPMC00384,nrdH,TTGAAT,TAGTAT,CTTTTTTCAACTACATC,sigma70,0.649562,0.164361,6,6,17,T,T,G,A,A,T,T,A,G,T,A,T,C,T,T,T,T,T,T,C,A,A,C,T,A,C,A,T,C
RDBECOLIOPC01375,RDBECOLIPMC03643,ptrA,TTGCGC,TATGAT,AATCTATCCGCTTACTT,sigma70,3.787705,11.255547,6,6,17,T,T,G,C,G,C,T,A,T,G,A,T,A,A,T,C,T,A,T,C,C,G,C,T,T,A,C,T,T
RDBECOLIOPC01386,RDBECOLIPMC03924,putA,TTGCAC,GATATT,AAAGTTGCAACATCATG,sigma70,1.250494,5.097412,6,6,17,T,T,G,C,A,C,G,A,T,A,T,T,A,A,A,G,T,T,G,C,A,A,C,A,T,C,A,T,G
RDBECOLIOPC01393,RDBECOLIPMC03410,tyrP,TTGACG,TAACCT,AAGCAGCCGTTATGCCT,sigma70,0.901945,1.124418,6,6,17,T,T,G,A,C,G,T,A,A,C,C,T,A,A,G,C,A,G,C,C,G,T,T,A,T,G,C,C,T
RDBECOLIOPC01417,RDBECOLIPMC03949,fixA,GTGACA,TAAAGT,TTTTCAATATTGGTGAT,sigma70,0.21111,0.16742,6,6,17,G,T,G,A,C,A,T,A,A,A,G,T,T,T,T,T,C,A,A,T,A,T,T,G,G,T,G,A,T
RDBECOLIOPC01419,RDBECOLIPMC02613,glrK,TTGTAT,TAGCAT,CTGAACTTCCCCTCGGT,sigma70,2.730021,4.009945,6,6,17,T,T,G,T,A,T,T,A,G,C,A,T,C,T,G,A,A,C,T,T,C,C,C,C,T,C,G,G,T
RDBECOLIOPC01428,RDBECOLIPMC03512,mtlA,TGGACA,CAGATT,GTTAACCGATTCAGTGC,sigma70,11.185266,22.020777,6,6,17,T,G,G,A,C,A,C,A,G,A,T,T,G,T,T,A,A,C,C,G,A,T,T,C,A,G,T,G,C
RDBECOLIOPC01429,RDBECOLIPMC03969,plaR,TTAACA,AATTTC,AGGCAATCTGATTGATG,sigma70,3.557458,3.106644,6,6,17,T,T,A,A,C,A,A,A,T,T,T,C,A,G,G,C,A,A,T,C,T,G,A,T,T,G,A,T,G
RDBECOLIOPC01434,RDBECOLIPMC03596,manA,TAGGAT,GATTAA,TCTTGCTTTAATAGTGG,sigma70,19.568937,23.671094,6,6,17,T,A,G,G,A,T,G,A,T,T,A,A,T,C,T,T,G,C,T,T,T,A,A,T,A,G,T,G,G
RDBECOLIOPC01478,RDBECOLIPMC03936,bcp,TGTACA,CAGTAT,GAACTCAATGCACAAGG,sigma70,54.626853,26.464996,6,6,17,T,G,T,A,C,A,C,A,G,T,A,T,G,A,A,C,T,C,A,A,T,G,C,A,C,A,A,G,G
RDBECOLIOPC01546,RDBECOLIPMC00494,yqhD,TTGAGA,CACAAT,GCCAGGGCGCTGGCGAT,sigma70,15.83442,18.958334,6,6,17,T,T,G,A,G,A,C,A,C,A,A,T,G,C,C,A,G,G,G,C,G,C,T,G,G,C,G,A,T
RDBECOLIOPC01556,RDBECOLIPMC02786,uxuR,TTTTTT,CAACTT,TGCCCACCTGTACGTGC,sigma70,5.04011,4.012595,6,6,17,T,T,T,T,T,T,C,A,A,C,T,T,T,G,C,C,C,A,C,C,T,G,T,A,C,G,T,G,C
RDBECOLIOPC01564,RDBECOLIPMC03368,nrdA,TTGCAA,TATCTT,GAGGGTCATTTTCACAC,sigma70,10.22508,24.042913,6,6,17,T,T,G,C,A,A,T,A,T,C,T,T,G,A,G,G,G,T,C,A,T,T,T,T,C,A,C,A,C
RDBECOLIOPC01575,RDBECOLIPMC02454,dicC,TTGACT,TATCTT,ATGTTTTTGTTAACATC,sigma70,0.394146,0.093652,6,6,17,T,T,G,A,C,T,T,A,T,C,T,T,A,T,G,T,T,T,T,T,G,T,T,A,A,C,A,T,C
RDBECOLIOPC01582,RDBECOLIPMC03349,glpD,TTACCT,TAATAT,AAAGCGCGATTCTTTGC,sigma70,3.183059,4.930764,6,6,17,T,T,A,C,C,T,T,A,A,T,A,T,A,A,A,G,C,G,C,G,A,T,T,C,T,T,T,G,C
RDBECOLIOPC01587,RDBECOLIPMC00275,yjeV,TTGCTG,CAAACT,GTTTTTGTTGTCTCTGA,sigma70,36.019431,2.000668,6,6,17,T,T,G,C,T,G,C,A,A,A,C,T,G,T,T,T,T,T,G,T,T,G,T,C,T,C,T,G,A
RDBECOLIOPC01618,RDBECOLIPMC00226,decR,TTGTCG,TAAAAT,TGATTTCACCTTTAAAA,sigma70,3.48714,1.646367,6,6,17,T,T,G,T,C,G,T,A,A,A,A,T,T,G,A,T,T,T,C,A,C,C,T,T,T,A,A,A,A
RDBECOLIOPC01674,RDBECOLIPMC02750,rpiB,TTGCGC,TAAAAC,TGTCAGATGTAACTCTG,sigma70,1.653968,0.765568,6,6,17,T,T,G,C,G,C,T,A,A,A,A,C,T,G,T,C,A,G,A,T,G,T,A,A,C,T,C,T,G
RDBECOLIOPC01678,RDBECOLIPMC00297,hicA,CTGCCG,TATTTT,TTGCGGCGATTTAGTGC,sigma70,26.400785,4.806565,6,6,17,C,T,G,C,C,G,T,A,T,T,T,T,T,T,G,C,G,G,C,G,A,T,T,T,A,G,T,G,C
RDBECOLIOPC01697,RDBECOLIPMC00560,yfgG,TTGACC,CTTAAT,ATTTTGTCCTGTTGTGC,sigma70,59.793835,11.808701,6,6,17,T,T,G,A,C,C,C,T,T,A,A,T,A,T,T,T,T,G,T,C,C,T,G,T,T,G,T,G,C
RDBECOLIOPC01724,RDBECOLIPMC03064,cyaA,GTGGCA,TAACAT,ATTCTTAAAACATTGTC,sigma70,14.852374,38.910723,6,6,17,G,T,G,G,C,A,T,A,A,C,A,T,A,T,T,C,T,T,A,A,A,A,C,A,T,T,G,T,C
RDBECOLIOPC01724,RDBECOLIPMC03335,cyaA,TTTACG,TAAATT,GTCAATCAGCAAGGTGT,sigma70,14.852374,38.910723,6,6,17,T,T,T,A,C,G,T,A,A,A,T,T,G,T,C,A,A,T,C,A,G,C,A,A,G,G,T,G,T
RDBECOLIOPC01768,RDBECOLIPMC00518,iraM,TTGAGA,TATTTT,TTCCTTGCTTTAAATTT,sigma70,0.355438,0.118455,6,6,17,T,T,G,A,G,A,T,A,T,T,T,T,T,T,C,C,T,T,G,C,T,T,T,A,A,A,T,T,T
RDBECOLIOPC01778,RDBECOLIPMC03509,marR,TTGACT,TATTAT,TATACTTGCCTGGGCAA,sigma70,10.018863,4.482828,6,6,17,T,T,G,A,C,T,T,A,T,T,A,T,T,A,T,A,C,T,T,G,C,C,T,G,G,G,C,A,A
RDBECOLIOPC01797,RDBECOLIPMC03331,bioB,TTGTAA,TAGGTT,ACCAAATTGAAAAGATT,sigma70,0.278938,0.298677,6,6,17,T,T,G,T,A,A,T,A,G,G,T,T,A,C,C,A,A,A,T,T,G,A,A,A,A,G,A,T,T
RDBECOLIOPC01798,RDBECOLIPMC03955,ychQ,ATGACG,TATGGT,TCGAAACCTGCCGTGAC,sigma70,6.696522,2.706988,6,6,17,A,T,G,A,C,G,T,A,T,G,G,T,T,C,G,A,A,A,C,C,T,G,C,C,G,T,G,A,C
RDBECOLIOPC01819,RDBECOLIPMC02512,ybhL,TGCACA,TATCCT,GCCTCATCATTTTGCAG,sigma70,43.807226,31.767246,6,6,17,T,G,C,A,C,A,T,A,T,C,C,T,G,C,C,T,C,A,T,C,A,T,T,T,T,G,C,A,G
RDBECOLIOPC01822,RDBECOLIPMC03687,rep,GTCACA,TACAAT,TTCAAATGCGATTCTGC,sigma70,1.133554,2.357585,6,6,17,G,T,C,A,C,A,T,A,C,A,A,T,T,T,C,A,A,A,T,G,C,G,A,T,T,C,T,G,C
RDBECOLIOPC01832,RDBECOLIPMC03050,ycaR,ATAGAC,TATGAT,CCCGTCGCATAAATGAT,sigma70,72.747033,13.693361,6,6,17,A,T,A,G,A,C,T,A,T,G,A,T,C,C,C,G,T,C,G,C,A,T,A,A,A,T,G,A,T
RDBECOLIOPC01851,RDBECOLIPMC03618,gnd,TTTATA,TATACT,CTTTAATAAGTACTTTG,sigma70,188.482158,272.778001,6,6,17,T,T,T,A,T,A,T,A,T,A,C,T,C,T,T,T,A,A,T,A,A,G,T,A,C,T,T,T,G
RDBECOLIOPC01858,RDBECOLIPMC03432,carA,TTGACT,CAGAAT,TTTAGCGCCCATATCTC,sigma70,1.168971,1.381553,6,6,17,T,T,G,A,C,T,C,A,G,A,A,T,T,T,T,A,G,C,G,C,C,C,A,T,A,T,C,T,C
RDBECOLIOPC01859,RDBECOLIPMC03373,phoA,ATAAAG,TATAGT,TTGTCACGGCCGAGACT,sigma70,1.725076,2.512554,6,6,17,A,T,A,A,A,G,T,A,T,A,G,T,T,T,G,T,C,A,C,G,G,C,C,G,A,G,A,C,T
RDBECOLIOPC01866,RDBECOLIPMC00436,pspF,TTGAAG,CAGGAT,AATCAACAGCAACATGC,sigma70,2.102767,2.115309,6,6,17,T,T,G,A,A,G,C,A,G,G,A,T,A,A,T,C,A,A,C,A,G,C,A,A,C,A,T,G,C
RDBECOLIOPC01874,RDBECOLIPMC03414,fabA,TTGTTC,TATCCT,AGCGTACACGTGTTAGC,sigma70,77.712536,41.486099,6,6,17,T,T,G,T,T,C,T,A,T,C,C,T,A,G,C,G,T,A,C,A,C,G,T,G,T,T,A,G,C
RDBECOLIOPC01879,RDBECOLIPMC02439,fumC,GACCAA,GTAAAT,ACATTTGTTATCAAATG,sigma70,2.279178,3.291468,6,6,17,G,A,C,C,A,A,G,T,A,A,A,T,A,C,A,T,T,T,G,T,T,A,T,C,A,A,A,T,G
RDBECOLIOPC01892,RDBECOLIPMC03818,mprA,TTTACT,TACTAT,TTATTTGTCACTGTCGT,sigma70,80.394357,43.910063,6,6,17,T,T,T,A,C,T,T,A,C,T,A,T,T,T,A,T,T,T,G,T,C,A,C,T,G,T,C,G,T
RDBECOLIOPC01922,RDBECOLIPMC03430,icd,TTTCAT,TAGTAT,GACGGCAAACAATAGGG,sigma70,76.639725,98.618016,6,6,17,T,T,T,C,A,T,T,A,G,T,A,T,G,A,C,G,G,C,A,A,A,C,A,A,T,A,G,G,G
RDBECOLIOPC01941,RDBECOLIPMC00265,uvrB,TTGGCA,TAAAAT,TAATTAAGTACGACGAG,sigma70,6.373615,13.255966,6,6,17,T,T,G,G,C,A,T,A,A,A,A,T,T,A,A,T,T,A,A,G,T,A,C,G,A,C,G,A,G
RDBECOLIOPC01941,RDBECOLIPMC03576,uvrB,TTCCTG,TAGAGT,TGGATAACCATGTGTAT,sigma70,6.373615,13.255966,6,6,17,T,T,C,C,T,G,T,A,G,A,G,T,T,G,G,A,T,A,A,C,C,A,T,G,T,G,T,A,T
RDBECOLIOPC01972,RDBECOLIPMC03261,yjjQ,TTCACC,TAACCT,AGGTTATCATTTGATGC,sigma70,0.060319,0.045044,6,6,17,T,T,C,A,C,C,T,A,A,C,C,T,A,G,G,T,T,A,T,C,A,T,T,T,G,A,T,G,C
RDBECOLIOPC01991,RDBECOLIPMC00459,pcnB,TTCTCA,TATGAT,AATGCGTCATGCTGAGC,sigma70,7.654746,11.007354,6,6,17,T,T,C,T,C,A,T,A,T,G,A,T,A,A,T,G,C,G,T,C,A,T,G,C,T,G,A,G,C
RDBECOLIOPC02071,RDBECOLIPMC02569,malY,TTGTTA,GACAAT,ATGTGCAGGCACTGAAG,sigma70,4.391021,5.297949,6,6,17,T,T,G,T,T,A,G,A,C,A,A,T,A,T,G,T,G,C,A,G,G,C,A,C,T,G,A,A,G
RDBECOLIOPC02098,RDBECOLIPMC03947,arsR,TTGACT,GACACT,TATCCGCTTCGAAGAGA,sigma70,1.485021,0.54073,6,6,17,T,T,G,A,C,T,G,A,C,A,C,T,T,A,T,C,C,G,C,T,T,C,G,A,A,G,A,G,A
RDBECOLIOPC02100,RDBECOLIPMC00363,casA,TTGCAG,TATTGT,ATTTGAAATGCATGCAT,sigma70,0.421175,0.653726,6,6,17,T,T,G,C,A,G,T,A,T,T,G,T,A,T,T,T,G,A,A,A,T,G,C,A,T,G,C,A,T
RDBECOLIOPC02149,RDBECOLIPMC03613,uvrC,TTGTCT,TATGCT,GAACGTGAATTGCAGAT,sigma70,8.756874,16.510346,6,6,17,T,T,G,T,C,T,T,A,T,G,C,T,G,A,A,C,G,T,G,A,A,T,T,G,C,A,G,A,T
RDBECOLIOPC02149,RDBECOLIPMC03614,uvrY,TTCAAA,TAATAT,GTTGCAATAAAAACCGC,sigma70,26.085682,17.628369,6,6,17,T,T,C,A,A,A,T,A,A,T,A,T,G,T,T,G,C,A,A,T,A,A,A,A,A,C,C,G,C
RDBECOLIOPC02150,RDBECOLIPMC02523,rplY,TTGATG,TAGAAT,TATAAGGCGATTGAGTA,sigma70,52.393457,15.359152,6,6,17,T,T,G,A,T,G,T,A,G,A,A,T,T,A,T,A,A,G,G,C,G,A,T,T,G,A,G,T,A
RDBECOLIOPC02159,RDBECOLIPMC02517,yhjR,TTGAAA,TAGCAT,TTAAAACTTATCAGATT,sigma70,61.003294,11.859315,6,6,17,T,T,G,A,A,A,T,A,G,C,A,T,T,T,A,A,A,A,C,T,T,A,T,C,A,G,A,T,T
RDBECOLIOPC02164,RDBECOLIPMC00457,metN,TTGATT,TAACAT,TAGACGTCTGGATGCCT,sigma70,2.659561,2.82315,6,6,17,T,T,G,A,T,T,T,A,A,C,A,T,T,A,G,A,C,G,T,C,T,G,G,A,T,G,C,C,T
RDBECOLIOPC02166,RDBECOLIPMC02472,gcvR,TGTGCA,TACGTT,AACAAGTGTCTCAATGG,sigma70,24.383996,14.371595,6,6,17,T,G,T,G,C,A,T,A,C,G,T,T,A,A,C,A,A,G,T,G,T,C,T,C,A,A,T,G,G
RDBECOLIOPC02166,RDBECOLIPMC03939,gcvR,TTGTAT,TTTCCT,GCATGTTTTTTTTATGC,sigma70,24.383996,14.371595,6,6,17,T,T,G,T,A,T,T,T,T,C,C,T,G,C,A,T,G,T,T,T,T,T,T,T,T,A,T,G,C
RDBECOLIOPC02183,RDBECOLIPMC00443,iscR,TTGACC,CAGACT,AATTTACTCGGGAATGT,sigma70,10.140881,5.100686,6,6,17,T,T,G,A,C,C,C,A,G,A,C,T,A,A,T,T,T,A,C,T,C,G,G,G,A,A,T,G,T
RDBECOLIOPC02247,RDBECOLIPMC03076,hchA,TTGACT,TAAAAA,CAATTTTCCAGCCTGGT,sigma70,79.401423,69.584483,6,6,17,T,T,G,A,C,T,T,A,A,A,A,A,C,A,A,T,T,T,T,C,C,A,G,C,C,T,G,G,T
RDBECOLIOPC02260,RDBECOLIPMC00432,pth,TTGTCA,TAAACT,AGCGGGGCCGCAACCAG,sigma70,7.917875,4.764407,6,6,17,T,T,G,T,C,A,T,A,A,A,C,T,A,G,C,G,G,G,G,C,C,G,C,A,A,C,C,A,G
RDBECOLIOPC02268,RDBECOLIPMC03352,ilvY,AGGAAA,TATATT,TTTATTGCGGAAATTGA,sigma70,2.110979,1.94118,6,6,17,A,G,G,A,A,A,T,A,T,A,T,T,T,T,T,A,T,T,G,C,G,G,A,A,A,T,T,G,A
RDBECOLIOPC02293,RDBECOLIPMC03807,corA,TTGACG,TAACAT,GCAAAATTTTGCTGGCG,sigma70,5.167573,5.054886,6,6,17,T,T,G,A,C,G,T,A,A,C,A,T,G,C,A,A,A,A,T,T,T,T,G,C,T,G,G,C,G
RDBECOLIOPC02304,RDBECOLIPMC03013,pitB,TTGCCC,GATAAT,ATGCCGTTAAAGTCACT,sigma70,0.112117,0.172984,6,6,17,T,T,G,C,C,C,G,A,T,A,A,T,A,T,G,C,C,G,T,T,A,A,A,G,T,C,A,C,T
RDBECOLIOPC02306,RDBECOLIPMC03377,purL,TTTCGT,TATAAT,CAGCGCATCAGATTCTT,sigma70,0.645692,2.582241,6,6,17,T,T,T,C,G,T,T,A,T,A,A,T,C,A,G,C,G,C,A,T,C,A,G,A,T,T,C,T,T
RDBECOLIOPC02336,RDBECOLIPMC03624,ptsH,TTGATT,TATTTA,CAGCCTGTCGGAACTGG,sigma70,564.764072,149.87589,6,6,17,T,T,G,A,T,T,T,A,T,T,T,A,C,A,G,C,C,T,G,T,C,G,G,A,A,C,T,G,G
RDBECOLIOPC02364,RDBECOLIPMC03326,aroG,TTTACA,TAGATT,CATTCTGACGGAAGATA,sigma70,8.317176,9.008387,6,6,17,T,T,T,A,C,A,T,A,G,A,T,T,C,A,T,T,C,T,G,A,C,G,G,A,A,G,A,T,A
RDBECOLIOPC02365,RDBECOLIPMC03270,ykgM,TTGAAA,TATCTT,TGATCCGGATGAGCATG,sigma70,3.952462,1.073291,6,6,17,T,T,G,A,A,A,T,A,T,C,T,T,T,G,A,T,C,C,G,G,A,T,G,A,G,C,A,T,G
RDBECOLIOPC02410,RDBECOLIPMC00519,adeD,TTGCAC,AATAAT,ATTAATGGATATTCTTT,sigma70,1.221112,2.219408,6,6,17,T,T,G,C,A,C,A,A,T,A,A,T,A,T,T,A,A,T,G,G,A,T,A,T,T,C,T,T,T
RDBECOLIOPC02418,RDBECOLIPMC03899,torR,TGGTCA,CAGAAT,GGATGAACGGCTTACGG,sigma70,3.514394,2.505116,6,6,17,T,G,G,T,C,A,C,A,G,A,A,T,G,G,A,T,G,A,A,C,G,G,C,T,T,A,C,G,G
RDBECOLIOPC02445,RDBECOLIPMC03933,acnB,TTAACA,TATTCT,CCTCGTCAAAATCCTGC,sigma70,38.307436,102.368696,6,6,17,T,T,A,A,C,A,T,A,T,T,C,T,C,C,T,C,G,T,C,A,A,A,A,T,C,C,T,G,C
RDBECOLIOPC02460,RDBECOLIPMC03052,mreB,CTGCCG,TAGAAT,TTTAATCCGTTTTCACG,sigma70,21.574505,23.167868,6,6,17,C,T,G,C,C,G,T,A,G,A,A,T,T,T,T,A,A,T,C,C,G,T,T,T,T,C,A,C,G
RDBECOLIOPC02460,RDBECOLIPMC03914,mreB,TTGTCG,TAAAGT,CTGCTGCGTGTGGTTGG,sigma70,21.574505,23.167868,6,6,17,T,T,G,T,C,G,T,A,A,A,G,T,C,T,G,C,T,G,C,G,T,G,T,G,G,T,T,G,G
RDBECOLIOPC02480,RDBECOLIPMC02452,nagE,TTGCGA,CACACT,TACGAATTAAATTTTCA,sigma70,24.664022,49.39399,6,6,17,T,T,G,C,G,A,C,A,C,A,C,T,T,A,C,G,A,A,T,T,A,A,A,T,T,T,T,C,A
RDBECOLIOPC02507,RDBECOLIPMC02502,sxy,TTGCCC,TATTTT,CTTAAGAATAAGTTGCC,sigma70,7.588966,4.91776,6,6,17,T,T,G,C,C,C,T,A,T,T,T,T,C,T,T,A,A,G,A,A,T,A,A,G,T,T,G,C,C
RDBECOLIOPC02513,RDBECOLIPMC03511,glyA,CTGTTA,TATACT,TCGCACAATGATTCGGT,sigma70,41.199464,53.141422,6,6,17,C,T,G,T,T,A,T,A,T,A,C,T,T,C,G,C,A,C,A,A,T,G,A,T,T,C,G,G,T
RDBECOLIOPC02516,RDBECOLIPMC02945,cobU,ATCTTA,AATGCT,TTTCGTAATGGATTGAG,sigma70,4.443436,2.495489,6,6,17,A,T,C,T,T,A,A,A,T,G,C,T,T,T,T,C,G,T,A,A,T,G,G,A,T,T,G,A,G
RDBECOLIOPC02532,RDBECOLIPMC00268,gmk,CTACGT,TATAAT,CACATGGCCGCGCCGTG,sigma70,34.709815,22.278289,6,6,17,C,T,A,C,G,T,T,A,T,A,A,T,C,A,C,A,T,G,G,C,C,G,C,G,C,C,G,T,G
RDBECOLIOPC02535,RDBECOLIPMC03495,dps,ATAGCG,TATACT,GAACACATAGCCGGTGC,sigma70,953.943493,494.535805,6,6,17,A,T,A,G,C,G,T,A,T,A,C,T,G,A,A,C,A,C,A,T,A,G,C,C,G,G,T,G,C
RDBECOLIOPC02562,RDBECOLIPMC02515,gfcA,TTGTAT,TATGCT,TTTGCTAAGATTTATCT,sigma70,1.055082,0.332087,6,6,17,T,T,G,T,A,T,T,A,T,G,C,T,T,T,T,G,C,T,A,A,G,A,T,T,T,A,T,C,T
RDBECOLIOPC02566,RDBECOLIPMC02518,panD,TAGACA,AATACT,CTAAACAAAAATCGGGC,sigma70,18.428301,7.221954,6,6,17,T,A,G,A,C,A,A,A,T,A,C,T,C,T,A,A,A,C,A,A,A,A,A,T,C,G,G,G,C
RDBECOLIOPC02596,RDBECOLIPMC03447,ebgA,TTAAAG,TACTTT,TAAATGCATTTACCTGC,sigma70,0.334974,1.065699,6,6,17,T,T,A,A,A,G,T,A,C,T,T,T,T,A,A,A,T,G,C,A,T,T,T,A,C,C,T,G,C
RDBECOLIOPC02601,RDBECOLIPMC02954,ascF,TTGCTT,CATGAT,ATTTAGTGACAACTATT,sigma70,0.639767,0.959454,6,6,17,T,T,G,C,T,T,C,A,T,G,A,T,A,T,T,T,A,G,T,G,A,C,A,A,C,T,A,T,T
RDBECOLIOPC02605,RDBECOLIPMC00339,greA,ATGACC,TAAAAT,CTTCGGGAACTTCAGGG,sigma70,9.641006,4.73026,6,6,17,A,T,G,A,C,C,T,A,A,A,A,T,C,T,T,C,G,G,G,A,A,C,T,T,C,A,G,G,G
RDBECOLIOPC02608,RDBECOLIPMC00005,recC,CAGACA,CAGCAT,TCGCAGGCGGGATGTGT,sigma70,3.373666,11.690889,6,6,17,C,A,G,A,C,A,C,A,G,C,A,T,T,C,G,C,A,G,G,C,G,G,G,A,T,G,T,G,T
RDBECOLIOPC02612,RDBECOLIPMC02513,yfiR,ATGACG,TATTTT,GTCGCATGAAAAAATGA,sigma70,5.577929,2.977726,6,6,17,A,T,G,A,C,G,T,A,T,T,T,T,G,T,C,G,C,A,T,G,A,A,A,A,A,A,T,G,A
RDBECOLIOPC02639,RDBECOLIPMC00336,mqsR,TTGCTG,TATAAC,TAATTAACCTTTTAGGT,sigma70,51.707313,15.796204,6,6,17,T,T,G,C,T,G,T,A,T,A,A,C,T,A,A,T,T,A,A,C,C,T,T,T,T,A,G,G,T
RDBECOLIOPC02654,RDBECOLIPMC00594,entS,TTATCG,TAGCAT,ATCTTATTTGGATATGT,sigma70,0.090462,0.116404,6,6,17,T,T,A,T,C,G,T,A,G,C,A,T,A,T,C,T,T,A,T,T,T,G,G,A,T,A,T,G,T
RDBECOLIOPC02713,RDBECOLIPMC00281,pepA,GTCGAA,TATACT,ATCGTCGCTAAGATAAT,sigma70,27.405439,42.621905,6,6,17,G,T,C,G,A,A,T,A,T,A,C,T,A,T,C,G,T,C,G,C,T,A,A,G,A,T,A,A,T
RDBECOLIOPC02714,RDBECOLIPMC03941,gltX,TTGTCA,TAAGGT,ACGAAAACAATAATGCG,sigma70,17.459221,25.42922,6,6,17,T,T,G,T,C,A,T,A,A,G,G,T,A,C,G,A,A,A,A,C,A,A,T,A,A,T,G,C,G
RDBECOLIOPC02714,RDBECOLIPMC03940,gltX,TTGCGC,AATAAT,AATTTGTCAACGAAAAC,sigma70,17.459221,25.42922,6,6,17,T,T,G,C,G,C,A,A,T,A,A,T,A,A,T,T,T,G,T,C,A,A,C,G,A,A,A,A,C
RDBECOLIOPC02724,RDBECOLIPMC03897,glcD,TAGACG,TAATAA,AAAACGAAAAGCCCGCT,sigma70,0.058496,0.090252,6,6,17,T,A,G,A,C,G,T,A,A,T,A,A,A,A,A,A,C,G,A,A,A,A,G,C,C,C,G,C,T
RDBECOLIOPC02727,RDBECOLIPMC03732,accB,TTGATT,CAGTAT,ATCTTCCCTGATAAGAC,sigma70,37.426878,18.132107,6,6,17,T,T,G,A,T,T,C,A,G,T,A,T,A,T,C,T,T,C,C,C,T,G,A,T,A,A,G,A,C
RDBECOLIOPC02747,RDBECOLIPMC03119,ftsK,GTGCAA,TACACT,AATCGGCGTATTTTGAT,sigma70,5.634732,23.125463,6,6,17,G,T,G,C,A,A,T,A,C,A,C,T,A,A,T,C,G,G,C,G,T,A,T,T,T,T,G,A,T
RDBECOLIOPC02748,RDBECOLIPMC04028,serC,ATGATA,AATAAT,AAACCGATAGCCACAGG,sigma70,26.136135,29.276168,6,6,17,A,T,G,A,T,A,A,A,T,A,A,T,A,A,A,C,C,G,A,T,A,G,C,C,A,C,A,G,G
RDBECOLIOPC02760,RDBECOLIPMC02459,cbpA,TTTGCA,TATATT,GTGCAACTAATTCCATG,sigma70,51.225973,48.528179,6,6,17,T,T,T,G,C,A,T,A,T,A,T,T,G,T,G,C,A,A,C,T,A,A,T,T,C,C,A,T,G
RDBECOLIOPC02779,RDBECOLIPMC03565,clpP,TTAGCG,TATGCT,TAACAACAAAAGATTGT,sigma70,73.402755,47.11306,6,6,17,T,T,A,G,C,G,T,A,T,G,C,T,T,A,A,C,A,A,C,A,A,A,A,G,A,T,T,G,T
RDBECOLIOPC02787,RDBECOLIPMC04008,rpsA,TTGCAG,TAACTT,GAGAAGGGCTTTAGTGT,sigma70,140.246791,241.486708,6,6,17,T,T,G,C,A,G,T,A,A,C,T,T,G,A,G,A,A,G,G,G,C,T,T,T,A,G,T,G,T
RDBECOLIOPC02789,RDBECOLIPMC00455,rimK,ATCATT,TATTCT,AAAGAAAGCCGCCCATT,sigma70,4.844408,4.499585,6,6,17,A,T,C,A,T,T,T,A,T,T,C,T,A,A,A,G,A,A,A,G,C,C,G,C,C,C,A,T,T
RDBECOLIOPC02793,RDBECOLIPMC01037,bhsA,TTGTAT,TATCAT,GTGATCCAGATCACATC,sigma70,8.171378,2.168504,6,6,17,T,T,G,T,A,T,T,A,T,C,A,T,G,T,G,A,T,C,C,A,G,A,T,C,A,C,A,T,C
RDBECOLIOPC02805,RDBECOLIPMC03664,cspA,TTGCAT,CTTAAT,CACCCGCCAATGCGTGG,sigma70,96.258782,21.089391,6,6,17,T,T,G,C,A,T,C,T,T,A,A,T,C,A,C,C,C,G,C,C,A,A,T,G,C,G,T,G,G
RDBECOLIOPC02831,RDBECOLIPMC03329,aroP,GTGCAT,TATTCT,TCGCTGCCGCATACCAT,sigma70,2.969087,4.19618,6,6,17,G,T,G,C,A,T,T,A,T,T,C,T,T,C,G,C,T,G,C,C,G,C,A,T,A,C,C,A,T
RDBECOLIOPC02835,RDBECOLIPMC03030,ftnB,TTTTCT,TATTCT,TATACCCGTTCAGACGT,sigma70,17.667267,9.158944,6,6,17,T,T,T,T,C,T,T,A,T,T,C,T,T,A,T,A,C,C,C,G,T,T,C,A,G,A,C,G,T
RDBECOLIOPC02848,RDBECOLIPMC02979,tsr,ATGTTG,TAAAGT,CCAGAGTTACGCGCGCG,sigma70,3.294413,5.611546,6,6,17,A,T,G,T,T,G,T,A,A,A,G,T,C,C,A,G,A,G,T,T,A,C,G,C,G,C,G,C,G
RDBECOLIOPC02859,RDBECOLIPMC03986,garP,CTCATA,AATAAT,AATAACACCTTCCCCAT,sigma70,0.563986,0.774451,6,6,17,C,T,C,A,T,A,A,A,T,A,A,T,A,A,T,A,A,C,A,C,C,T,T,C,C,C,C,A,T
RDBECOLIOPC02866,RDBECOLIPMC02902,artP,TTGCAT,TACTAT,AATTATTCTGTCAAAGG,sigma70,25.957596,19.46421,6,6,17,T,T,G,C,A,T,T,A,C,T,A,T,A,A,T,T,A,T,T,C,T,G,T,C,A,A,A,G,G
RDBECOLIOPC02877,RDBECOLIPMC03539,edd,TTCACC,TACACT,CACGAGGCTTTTTTTAT,sigma70,4.036587,7.523444,6,6,17,T,T,C,A,C,C,T,A,C,A,C,T,C,A,C,G,A,G,G,C,T,T,T,T,T,T,T,A,T
RDBECOLIOPC02907,RDBECOLIPMC03010,rne,GTGAGT,TAAAAG,AAGCGGGTGATAAATGG,sigma70,13.079039,42.861377,6,6,17,G,T,G,A,G,T,T,A,A,A,A,G,A,A,G,C,G,G,G,T,G,A,T,A,A,A,T,G,G
RDBECOLIOPC02908,RDBECOLIPMC03958,rpsM,TTGCAA,TAGATT,AGTTGGGTTGAGCTGGC,sigma70,435.386696,159.877989,6,6,17,T,T,G,C,A,A,T,A,G,A,T,T,A,G,T,T,G,G,G,T,T,G,A,G,C,T,G,G,C
RDBECOLIOPC02912,RDBECOLIPMC00504,rplU,TTGTCA,TAATAT,AAGGCGTGCGTTTTGCG,sigma70,220.494444,70.761412,6,6,17,T,T,G,T,C,A,T,A,A,T,A,T,A,A,G,G,C,G,T,G,C,G,T,T,T,T,G,C,G
RDBECOLIOPC02920,RDBECOLIPMC00497,rcsD,CTGGAA,TATACT,TTTCACACTGTACCCTT,sigma70,10.148195,27.901831,6,6,17,C,T,G,G,A,A,T,A,T,A,C,T,T,T,T,C,A,C,A,C,T,G,T,A,C,C,C,T,T
RDBECOLIOPC02920,RDBECOLIPMC00498,rcsB,ATGAAA,TATGAT,GATTAATTAGTCAAGAT,sigma70,74.162376,49.660223,6,6,17,A,T,G,A,A,A,T,A,T,G,A,T,G,A,T,T,A,A,T,T,A,G,T,C,A,A,G,A,T
RDBECOLIOPC02921,RDBECOLIPMC03456,flhD,TTGTAT,TACAGT,GTGCGTGTAGTGACGAG,sigma70,15.811063,5.708378,6,6,17,T,T,G,T,A,T,T,A,C,A,G,T,G,T,G,C,G,T,G,T,A,G,T,G,A,C,G,A,G
RDBECOLIOPC02934,RDBECOLIPMC02585,nanY,TTGGTT,ATTTAT,TTGATATTCCAGGTAAA,sigma70,10.67151,12.282859,6,6,17,T,T,G,G,T,T,A,T,T,T,A,T,T,T,G,A,T,A,T,T,C,C,A,G,G,T,A,A,A
RDBECOLIOPC02936,RDBECOLIPMC03065,dapE,TTGCTC,TATGCT,TGCGTGCCCGGTAAGCC,sigma70,7.43917,8.631353,6,6,17,T,T,G,C,T,C,T,A,T,G,C,T,T,G,C,G,T,G,C,C,C,G,G,T,A,A,G,C,C
RDBECOLIOPC02951,RDBECOLIPMC03766,fimB,TTGTAT,TAACAG,GGCAACGTTATTATAAT,sigma70,8.933999,5.541252,6,6,17,T,T,G,T,A,T,T,A,A,C,A,G,G,G,C,A,A,C,G,T,T,A,T,T,A,T,A,A,T
RDBECOLIOPC02963,RDBECOLIPMC01248,ydeN,TTACAT,TAAAAT,CCACTTATTTCTCTTCG,sigma70,23.747307,41.109578,6,6,17,T,T,A,C,A,T,T,A,A,A,A,T,C,C,A,C,T,T,A,T,T,T,C,T,C,T,T,C,G
RDBECOLIOPC02974,RDBECOLIPMC03730,accA,TTGCTA,CAAATT,TCTCGCTGACGGACAGG,sigma70,22.277439,21.997865,6,6,17,T,T,G,C,T,A,C,A,A,A,T,T,T,C,T,C,G,C,T,G,A,C,G,G,A,C,A,G,G
RDBECOLIOPC02977,RDBECOLIPMC03906,damX,TTTAGT,TATTAT,TCTGCCGAAACGCAGCG,sigma70,18.116523,23.982724,6,6,17,T,T,T,A,G,T,T,A,T,T,A,T,T,C,T,G,C,C,G,A,A,A,C,G,C,A,G,C,G
RDBECOLIOPC02986,RDBECOLIPMC03228,hfq,CTGGAA,TAAAAC,GTTTTTTTCATTTCGGG,sigma70,439.955724,139.833608,6,6,17,C,T,G,G,A,A,T,A,A,A,A,C,G,T,T,T,T,T,T,T,C,A,T,T,T,C,G,G,G
RDBECOLIOPC02989,RDBECOLIPMC04016,yiaK,TTGCCT,TATATT,TGTTAAAAAGTGATCGA,sigma70,0.158715,0.16309,6,6,17,T,T,G,C,C,T,T,A,T,A,T,T,T,G,T,T,A,A,A,A,A,G,T,G,A,T,C,G,A
RDBECOLIOPC03005,RDBECOLIPMC03049,relB,TTGCCC,GATACT,TAAGCATGTTGTAGTGC,sigma70,60.576064,14.953989,6,6,17,T,T,G,C,C,C,G,A,T,A,C,T,T,A,A,G,C,A,T,G,T,T,G,T,A,G,T,G,C
RDBECOLIOPC03007,RDBECOLIPMC03971,gadA,TTGCTT,TACTTT,CCATTGCGGATAAATCC,sigma70,52.37542,75.476224,6,6,17,T,T,G,C,T,T,T,A,C,T,T,T,C,C,A,T,T,G,C,G,G,A,T,A,A,A,T,C,C
RDBECOLIOPC03010,RDBECOLIPMC03697,metJ,TTGAGC,TAAAAT,AAATCCCAAATAGCCGT,sigma70,58.012854,18.975604,6,6,17,T,T,G,A,G,C,T,A,A,A,A,T,A,A,A,T,C,C,C,A,A,A,T,A,G,C,C,G,T
RDBECOLIOPC03010,RDBECOLIPMC03696,metJ,ATGTCA,TAAACT,CGGTAACGCCTGTACGG,sigma70,58.012854,18.975604,6,6,17,A,T,G,T,C,A,T,A,A,A,C,T,C,G,G,T,A,A,C,G,C,C,T,G,T,A,C,G,G
RDBECOLIOPC03016,RDBECOLIPMC03991,hupB,TTGTAA,TATAAC,GGGGATGGCTGGCCTGA,sigma70,764.570304,214.695889,6,6,17,T,T,G,T,A,A,T,A,T,A,A,C,G,G,G,G,A,T,G,G,C,T,G,G,C,C,T,G,A
RDBECOLIOPC03016,RDBECOLIPMC03992,hupB,TTGCCA,TAAGTT,GCCTTTTTTTGTCTCGC,sigma70,764.570304,214.695889,6,6,17,T,T,G,C,C,A,T,A,A,G,T,T,G,C,C,T,T,T,T,T,T,T,G,T,C,T,C,G,C
RDBECOLIOPC03023,RDBECOLIPMC03501,gltB,TTGACC,TAAGTT,TGTATCAGCTTTCCCGA,sigma70,4.121434,18.911483,6,6,17,T,T,G,A,C,C,T,A,A,G,T,T,T,G,T,A,T,C,A,G,C,T,T,T,C,C,C,G,A
RDBECOLIOPC03026,RDBECOLIPMC03540,gntK,TTGCTT,GACAAT,CTGATATTGTCCGGCTG,sigma70,2.034119,1.104728,6,6,17,T,T,G,C,T,T,G,A,C,A,A,T,C,T,G,A,T,A,T,T,G,T,C,C,G,G,C,T,G
RDBECOLIOPC03048,RDBECOLIPMC03405,rpoH,TTGTGG,TAAAAC,ATAAAATCACGGTCTGA,sigma70,49.347328,43.398459,6,6,17,T,T,G,T,G,G,T,A,A,A,A,C,A,T,A,A,A,A,T,C,A,C,G,G,T,C,T,G,A
RDBECOLIOPC03058,RDBECOLIPMC00522,kdsC,ATGACT,TATGAT,GTCATTTGCGATGACAA,sigma70,15.680401,9.145009,6,6,17,A,T,G,A,C,T,T,A,T,G,A,T,G,T,C,A,T,T,T,G,C,G,A,T,G,A,C,A,A
RDBECOLIOPC03102,RDBECOLIPMC00220,dksA,TTGCTA,TATTTA,TCCGGAAAAGCATCTGC,sigma70,138.518756,64.970728,6,6,17,T,T,G,C,T,A,T,A,T,T,T,A,T,C,C,G,G,A,A,A,A,G,C,A,T,C,T,G,C
RDBECOLIOPC03102,RDBECOLIPMC02448,dksA,TTGTAG,TAATTT,TAAAGTAAGTAACTGGT,sigma70,138.518756,64.970728,6,6,17,T,T,G,T,A,G,T,A,A,T,T,T,T,A,A,A,G,T,A,A,G,T,A,A,C,T,G,G,T
RDBECOLIOPC03102,RDBECOLIPMC00585,sfsA,TGGACG,TAAAAC,CACACGCTACACGCCGC,sigma70,28.43827,20.622245,6,6,17,T,G,G,A,C,G,T,A,A,A,A,C,C,A,C,A,C,G,C,T,A,C,A,C,G,C,C,G,C
RDBECOLIOPC03103,RDBECOLIPMC02783,groS,TTGAAG,CATTTC,GGGCGAAGCCTCATCCC,sigma70,363.184921,109.829874,6,6,17,T,T,G,A,A,G,C,A,T,T,T,C,G,G,G,C,G,A,A,G,C,C,T,C,A,T,C,C,C
RDBECOLIOPC03118,RDBECOLIPMC03370,ompC,TTGGAT,GAGAAT,TATTCTGCATTTTTGGG,sigma70,2836.038789,3220.515285,6,6,17,T,T,G,G,A,T,G,A,G,A,A,T,T,A,T,T,C,T,G,C,A,T,T,T,T,T,G,G,G
RDBECOLIOPC03134,RDBECOLIPMC03333,cirA,TTAACA,TATCGT,TTTGGATTGATAATTGT,sigma70,0.544452,1.11556,6,6,17,T,T,A,A,C,A,T,A,T,C,G,T,T,T,T,G,G,A,T,T,G,A,T,A,A,T,T,G,T
RDBECOLIOPC03134,RDBECOLIPMC03334,cirA,TTGATA,TATCGT,ATTGTTATCGTTTGCAT,sigma70,0.544452,1.11556,6,6,17,T,T,G,A,T,A,T,A,T,C,G,T,A,T,T,G,T,T,A,T,C,G,T,T,T,G,C,A,T
RDBECOLIOPC03169,RDBECOLIPMC03485,entC,TTGACA,TAGGTT,TAGTGCGCGTTTGCTTT,sigma70,0.16237,0.196408,6,6,17,T,T,G,A,C,A,T,A,G,G,T,T,T,A,G,T,G,C,G,C,G,T,T,T,G,C,T,T,T
RDBECOLIOPC03179,RDBECOLIPMC03563,tsx,ATATTT,TATAAT,TTGTGAGCAATGATTTT,sigma70,45.700999,41.601945,6,6,17,A,T,A,T,T,T,T,A,T,A,A,T,T,T,G,T,G,A,G,C,A,A,T,G,A,T,T,T,T
RDBECOLIOPC03183,RDBECOLIPMC03386,ssb,ATGCAT,AACAAT,TACCCGGAGTGTTGTGT,sigma70,40.270863,22.243835,6,6,17,A,T,G,C,A,T,A,A,C,A,A,T,T,A,C,C,C,G,G,A,G,T,G,T,T,G,T,G,T
RDBECOLIOPC03207,RDBECOLIPMC03033,yjbE,GTAATT,TATACT,CGCATGCTTTAGTTGTG,sigma70,3.371056,0.842591,6,6,17,G,T,A,A,T,T,T,A,T,A,C,T,C,G,C,A,T,G,C,T,T,T,A,G,T,T,G,T,G
RDBECOLIOPC03235,RDBECOLIPMC03390,tyrR,TTCCTG,TATCAT,CTATCCAAATAGTGTCA,sigma70,10.959599,17.382912,6,6,17,T,T,C,C,T,G,T,A,T,C,A,T,C,T,A,T,C,C,A,A,A,T,A,G,T,G,T,C,A
RDBECOLIOPC03285,RDBECOLIPMC03008,relA,CTGTAT,GATACT,CTCGCCCCCGATAGTGA,sigma70,11.390402,26.185512,6,6,17,C,T,G,T,A,T,G,A,T,A,C,T,C,T,C,G,C,C,C,C,C,G,A,T,A,G,T,G,A
RDBECOLIOPC03290,RDBECOLIPMC03795,rpoS,TTGCGT,TATTCT,CGCAACCGACAATTACG,sigma70,180.674831,184.539974,6,6,17,T,T,G,C,G,T,T,A,T,T,C,T,C,G,C,A,A,C,C,G,A,C,A,A,T,T,A,C,G
RDBECOLIOPC03301,RDBECOLIPMC01443,sdiA,TTGCCT,TATAAA,GAATAATATAAATTATA,sigma70,5.059519,3.762633,6,6,17,T,T,G,C,C,T,T,A,T,A,A,A,G,A,A,T,A,A,T,A,T,A,A,A,T,T,A,T,A
RDBECOLIOPC03301,RDBECOLIPMC02426,sdiA,CTTATT,TATCAT,TATGTGATAGTTTGAAT,sigma70,5.059519,3.762633,6,6,17,C,T,T,A,T,T,T,A,T,C,A,T,T,A,T,G,T,G,A,T,A,G,T,T,T,G,A,A,T
RDBECOLIOPC03303,RDBECOLIPMC02535,rseD,ATGTTG,TATTTT,TGCGGATAAACACCTGC,sigma70,574.862978,92.242629,6,6,17,A,T,G,T,T,G,T,A,T,T,T,T,T,G,C,G,G,A,T,A,A,A,C,A,C,C,T,G,C
RDBECOLIOPC03350,RDBECOLIPMC03550,pdhR,TGGACA,TACTTT,TAAGGTGAATACTTTGT,sigma70,47.342757,37.252798,6,6,17,T,G,G,A,C,A,T,A,C,T,T,T,T,A,A,G,G,T,G,A,A,T,A,C,T,T,T,G,T
RDBECOLIOPC03351,RDBECOLIPMC02561,pta,TTGTAT,GAAAAT,TCACTGGTGGTATCGGT,sigma70,25.444672,56.139487,6,6,17,T,T,G,T,A,T,G,A,A,A,A,T,T,C,A,C,T,G,G,T,G,G,T,A,T,C,G,G,T
RDBECOLIOPC03360,RDBECOLIPMC03689,trxA,TTGCTT,TGAAAT,TACGAAAGCGTATCCGG,sigma70,269.302498,91.410759,6,6,17,T,T,G,C,T,T,T,G,A,A,A,T,T,A,C,G,A,A,A,G,C,G,T,A,T,C,C,G,G
RDBECOLIOPC03367,RDBECOLIPMC03492,glpF,TTCTCG,TAAGTT,TTTTTGCTCGTTAACGA,sigma70,8.090612,7.040379,6,6,17,T,T,C,T,C,G,T,A,A,G,T,T,T,T,T,T,T,G,C,T,C,G,T,T,A,A,C,G,A
RDBECOLIOPC03387,RDBECOLIPMC03265,leuO,TTCGCA,TATTAT,ACAAAAACATTATGGAT,sigma70,1.37892,1.340345,6,6,17,T,T,C,G,C,A,T,A,T,T,A,T,A,C,A,A,A,A,A,C,A,T,T,A,T,G,G,A,T
RDBECOLIOPC03389,RDBECOLIPMC03548,ilvI,TTAAAA,TAAGTT,AAATAGAGAAATTGCTG,sigma70,1.225683,2.174762,6,6,17,T,T,A,A,A,A,T,A,A,G,T,T,A,A,A,T,A,G,A,G,A,A,A,T,T,G,C,T,G
RDBECOLIOPC03389,RDBECOLIPMC03547,ilvI,CTGAAT,TAGGAT,GTGTGGGCTCTCTATTT,sigma70,1.225683,2.174762,6,6,17,C,T,G,A,A,T,T,A,G,G,A,T,G,T,G,T,G,G,G,C,T,C,T,C,T,A,T,T,T
RDBECOLIOPC03389,RDBECOLIPMC03403,ilvI,TTGCTT,TAATGT,AAGCAAGATCGGACGGT,sigma70,1.225683,2.174762,6,6,17,T,T,G,C,T,T,T,A,A,T,G,T,A,A,G,C,A,A,G,A,T,C,G,G,A,C,G,G,T
RDBECOLIOPC03436,RDBECOLIPMC02573,allB,TTTTCA,TATTTT,GTAACTCTGGTGGCCGT,sigma70,0.250891,0.351485,6,6,17,T,T,T,T,C,A,T,A,T,T,T,T,G,T,A,A,C,T,C,T,G,G,T,G,G,C,C,G,T
RDBECOLIOPC03449,RDBECOLIPMC00603,rfaD,CTGAAG,TATGAT,GGATTCGGATGTGATGG,sigma70,45.108613,43.289794,6,6,17,C,T,G,A,A,G,T,A,T,G,A,T,G,G,A,T,T,C,G,G,A,T,G,T,G,A,T,G,G
RDBECOLIOPC03459,RDBECOLIPMC00360,rnlA,ATCAAT,TATTGT,ACACTTCAGGGGGGTAT,sigma70,22.610162,24.977719,6,6,17,A,T,C,A,A,T,T,A,T,T,G,T,A,C,A,C,T,T,C,A,G,G,G,G,G,G,T,A,T
RDBECOLIOPC03460,RDBECOLIPMC00378,mpl,TTCTCA,TAAAAT,CTTGCCCGACATATGCG,sigma70,10.229818,14.457689,6,6,17,T,T,C,T,C,A,T,A,A,A,A,T,C,T,T,G,C,C,C,G,A,C,A,T,A,T,G,C,G
RDBECOLIOPC03463,RDBECOLIPMC03683,ilvL,TTTATT,TATATT,TTTAAAAAACAACAATT,sigma70,77.34748,7.87636,6,6,17,T,T,T,A,T,T,T,A,T,A,T,T,T,T,T,A,A,A,A,A,A,C,A,A,C,A,A,T,T
RDBECOLIOPC03474,RDBECOLIPMC04045,rnt,CTGCAT,CATAAT,CGACAAGTAATATTTGT,sigma70,2.933138,1.955022,6,6,17,C,T,G,C,A,T,C,A,T,A,A,T,C,G,A,C,A,A,G,T,A,A,T,A,T,T,T,G,T
RDBECOLIOPC03494,RDBECOLIPMC03997,cfa,TTGTAT,TATACT,GATTGAAATTAGCGGCC,sigma70,44.634671,52.751734,6,6,17,T,T,G,T,A,T,T,A,T,A,C,T,G,A,T,T,G,A,A,A,T,T,A,G,C,G,G,C,C
RDBECOLIOPC03498,RDBECOLIPMC00509,glgA,ATCGCA,TACAAT,ATTGGCCAATTCGCACC,sigma70,32.960336,48.616667,6,6,17,A,T,C,G,C,A,T,A,C,A,A,T,A,T,T,G,G,C,C,A,A,T,T,C,G,C,A,C,C
RDBECOLIOPC03503,RDBECOLIPMC03585,putP,TTGTGA,CAGGAT,ATAACCAGCGCTTCCGG,sigma70,1.079561,1.67564,6,6,17,T,T,G,T,G,A,C,A,G,G,A,T,A,T,A,A,C,C,A,G,C,G,C,T,T,C,C,G,G
RDBECOLIOPC03509,RDBECOLIPMC02960,ribF,TTAACC,TATACT,TTGACCGCTGTACAAGG,sigma70,17.613988,17.066836,6,6,17,T,T,A,A,C,C,T,A,T,A,C,T,T,T,G,A,C,C,G,C,T,G,T,A,C,A,A,G,G
RDBECOLIOPC03512,RDBECOLIPMC03970,gadB,TTGCTT,TACTTT,ACTTTATCGATAAATCC,sigma70,58.116669,83.749693,6,6,17,T,T,G,C,T,T,T,A,C,T,T,T,A,C,T,T,T,A,T,C,G,A,T,A,A,A,T,C,C
RDBECOLIOPC03517,RDBECOLIPMC04032,hdeA,ATGACA,TATAAC,TATACAGAAAACCAGGT,sigma70,3326.180673,1139.293757,6,6,17,A,T,G,A,C,A,T,A,T,A,A,C,T,A,T,A,C,A,G,A,A,A,A,C,C,A,G,G,T
RDBECOLIOPC03522,RDBECOLIPMC03248,frc,TTACCA,TATTCT,CGAATCAATATTTATCA,sigma70,0.102524,0.131925,6,6,17,T,T,A,C,C,A,T,A,T,T,C,T,C,G,A,A,T,C,A,A,T,A,T,T,T,A,T,C,A
RDBECOLIOPC03527,RDBECOLIPMC00486,infC,TTGAGA,TAAAAT,AATGAGAAGATTGGCTT,sigma70,456.059946,254.721386,6,6,17,T,T,G,A,G,A,T,A,A,A,A,T,A,A,T,G,A,G,A,A,G,A,T,T,G,G,C,T,T
RDBECOLIOPC03528,RDBECOLIPMC03724,focA,ATGATC,TATAAT,TATATCAATTTCTCATC,sigma70,95.506559,84.2878,6,6,17,A,T,G,A,T,C,T,A,T,A,A,T,T,A,T,A,T,C,A,A,T,T,T,C,T,C,A,T,C
RDBECOLIOPC03529,RDBECOLIPMC03040,gspC,ATGCAA,TATACT,GCGGCATTAATACTATT,sigma70,0.370721,0.311159,6,6,17,A,T,G,C,A,A,T,A,T,A,C,T,G,C,G,G,C,A,T,T,A,A,T,A,C,T,A,T,T
RDBECOLIOPC03529,RDBECOLIPMC03041,gspC,TTGATT,TACTAT,CATGCAAGCGGCATTAA,sigma70,0.370721,0.311159,6,6,17,T,T,G,A,T,T,T,A,C,T,A,T,C,A,T,G,C,A,A,G,C,G,G,C,A,T,T,A,A
RDBECOLIOPC03530,RDBECOLIPMC03963,cydA,TTTATT,TAATAT,GTAAGGATTTTGCGGCG,sigma70,330.23672,532.95741,6,6,17,T,T,T,A,T,T,T,A,A,T,A,T,G,T,A,A,G,G,A,T,T,T,T,G,C,G,G,C,G
RDBECOLIOPC03537,RDBECOLIPMC01276,ydfA,TTGACC,TAATCT,GATATGTTAGTCATGGC,sigma70,5.313861,0.852666,6,6,17,T,T,G,A,C,C,T,A,A,T,C,T,G,A,T,A,T,G,T,T,A,G,T,C,A,T,G,G,C
RDBECOLIOPC03539,RDBECOLIPMC03425,sdhC,TTGTAA,TATACT,TGATTTTGTGAACAGCC,sigma70,22.517402,9.032924,6,6,17,T,T,G,T,A,A,T,A,T,A,C,T,T,G,A,T,T,T,T,G,T,G,A,A,C,A,G,C,C
RDBECOLIOPC03540,RDBECOLIPMC03159,xerD,GTGCTG,CATATT,GAACCGTAAAAAAGACC,sigma70,7.970763,7.354223,6,6,17,G,T,G,C,T,G,C,A,T,A,T,T,G,A,A,C,C,G,T,A,A,A,A,A,A,G,A,C,C
RDBECOLIOPC03542,RDBECOLIPMC03922,arcA,TCGACA,TATTAG,ATTGGATTCACCACGTT,sigma70,193.332127,142.583138,6,6,17,T,C,G,A,C,A,T,A,T,T,A,G,A,T,T,G,G,A,T,T,C,A,C,C,A,C,G,T,T
RDBECOLIOPC03543,RDBECOLIPMC03263,secG,TTGCGA,TAGTAT,AGGTCATTCGCTTTGGT,sigma70,125.610442,43.024331,6,6,17,T,T,G,C,G,A,T,A,G,T,A,T,A,G,G,T,C,A,T,T,C,G,C,T,T,T,G,G,T
RDBECOLIOPC03543,RDBECOLIPMC03264,secG,TTGCGA,TAGTAT,AGGTCATTCGCTTTGGT,sigma70,125.610442,43.024331,6,6,17,T,T,G,C,G,A,T,A,G,T,A,T,A,G,G,T,C,A,T,T,C,G,C,T,T,T,G,G,T
RDBECOLIOPC03548,RDBECOLIPMC03783,gapA,TTGACG,AATTTT,CTGCGTAAGGTTTTTGT,sigma70,926.963206,949.656551,6,6,17,T,T,G,A,C,G,A,A,T,T,T,T,C,T,G,C,G,T,A,A,G,G,T,T,T,T,T,G,T
RDBECOLIOPC03553,RDBECOLIPMC03259,lpxC,TTGGGT,TAAACT,TTCGAGGCTCTTTGTGC,sigma70,95.823241,90.481425,6,6,17,T,T,G,G,G,T,T,A,A,A,C,T,T,T,C,G,A,G,G,C,T,C,T,T,T,G,T,G,C
RDBECOLIOPC03553,RDBECOLIPMC00415,ftsA,TTGAAT,TGGAAT,ATGTGCCGATTGCGCGG,sigma70,31.351742,40.729551,6,6,17,T,T,G,A,A,T,T,G,G,A,A,T,A,T,G,T,G,C,C,G,A,T,T,G,C,G,C,G,G
RDBECOLIOPC03554,RDBECOLIPMC03796,epd,TTCCTT,TATCCT,TTATTCCACGTTTCGCT,sigma70,26.397792,27.695701,6,6,17,T,T,C,C,T,T,T,A,T,C,C,T,T,T,A,T,T,C,C,A,C,G,T,T,T,C,G,C,T
RDBECOLIOPC03555,RDBECOLIPMC02961,rimP,TTCCCT,TATACT,TAGAGTCCTTTTTCAAA,sigma70,15.286585,7.122839,6,6,17,T,T,C,C,C,T,T,A,T,A,C,T,T,A,G,A,G,T,C,C,T,T,T,T,T,C,A,A,A
RDBECOLIOPC03556,RDBECOLIPMC03147,yceJ,TTGCAA,CATTTT,TTCATTCTCCGACACGC,sigma70,0.415373,0.242251,6,6,17,T,T,G,C,A,A,C,A,T,T,T,T,T,T,C,A,T,T,C,T,C,C,G,A,C,A,C,G,C
RDBECOLIOPC03557,RDBECOLIPMC03672,dnaN,TTCAGA,TACAAG,AGACGGTGGCGGAGTAC,sigma70,8.555976,9.689528,6,6,17,T,T,C,A,G,A,T,A,C,A,A,G,A,G,A,C,G,G,T,G,G,C,G,G,A,G,T,A,C
RDBECOLIOPC03558,RDBECOLIPMC00251,murQ,TTTAAG,TATGAT,CCTGTCAATTCGGGATA,sigma70,1.737918,1.603491,6,6,17,T,T,T,A,A,G,T,A,T,G,A,T,C,C,T,G,T,C,A,A,T,T,C,G,G,G,A,T,A
RDBECOLIOPC03559,RDBECOLIPMC00511,pstC,CTGGAT,TAGTGT,TACGCCAGCCTGCCGGA,sigma70,1.326631,1.309985,6,6,17,C,T,G,G,A,T,T,A,G,T,G,T,T,A,C,G,C,C,A,G,C,C,T,G,C,C,G,G,A
RDBECOLIOPC03559,RDBECOLIPMC00512,pstB,TTCTGG,AAGAAT,CGCGCGTTGTTTTTGCG,sigma70,3.19428,2.543067,6,6,17,T,T,C,T,G,G,A,A,G,A,A,T,C,G,C,G,C,G,T,T,G,T,T,T,T,T,G,C,G
RDBECOLIOPC03560,RDBECOLIPMC00512,pstB,TTCTGG,AAGAAT,CGCGCGTTGTTTTTGCG,sigma70,3.19428,2.543067,6,6,17,C,C,C,C,C,C,C,C,C,C,C,C,C,C,C,C,C,C,C,C,C,C,C,C,C,C,C,C,C